system,system_label,gene,chromosome,strand,isbt_system_code,hgvs,phenotype,allele_background,region,variant_id,alternative_notation,variant_category,mutation_type,grch38_coordinate,dbsnp_rs,reference_allele,alternate_allele,isbt_allele_designation,molecular_mechanism,validation_level,validation_cell_line,population,gnomad_v4_af_global,gnomad_v4_af_afr,gnomad_v4_af_eur,topmed_af,be4max_feasibility,abe8e_feasibility,be_guide_sequence_notes,bystander_edits,first_report_year,key_reference,pubmed_source_url,audit_status,gnomad_url
RHD,Rh (RHD),RHD,chr1,plus,004,c.1-126C>T,Not applicable: no patient carrier reported. Functional study only (base editing in K562),,Promoter region,RHD-NC-001,,Promoter,SNV,chr1:25272422 C>T,N/A,C,T,N/A,"c.1-126C>T is a promoter-region SNV located 126 nucleotides upstream of the RHD translation start codon. Liu et al. 2026 performed CRISPR base-editing in K562 cells and observed no significant change in RHD expression. Prediction scores show minimal predicted effect (AlphaGenome RNA-seq −0.338, splicing 0.273; SpliceAI 0.01). The variant is not present in gnomAD v4.",Functional / Cell culture,"K562 (CRISPR base editing, qPCR, flow cytometry)",N/A,N/A (not in gnomAD),N/A,N/A,Not available,MEDIUM,NOT FEASIBLE,Guide design needed (CBE fwd strand; target C at 25272422 in pos 4–8 with NGG PAM),Unknown: sequence lookup needed,2026,"Liu M, Shen Z, Jeong YK, Yu N, Wu SC, Wittig A, Tenen D, Liu Y, Liu Y, Chai L. AlphaGenome-enabled analysis of non-coding regulatory variants underlying RHD expression with wet-lab validation. bioRxiv. 2026;2026.01.21.700828. doi:10.64898/2026.01.21.700828. PMID 41676477",https://pubmed.ncbi.nlm.nih.gov/41676477/,CORRECTED: note added re: AlphaGenome low-score policy,
RHD,Rh (RHD),RHD,chr1,plus,004,c.1-115A>C,Weak D (variable),,"Proximal promoter, GATA1 motif 5'-end",RHD-NC-002,RHD*5'UTR-115C,Promoter,SNV,chr1:25272433 A>C,N/A,A,C,N/A,"The variant c.1-115A>C is located in the RHD promoter region. McGowan et al. 2024 reported serologic association with Weak D phenotype (variable expression) and performed EMSA and luciferase reporter assays, demonstrating mild disruption of GATA1 binding and slight reduction in promoter activity. Bénech et al. 2026 did not show any functional alteration of this variant. The variant is not present in gnomAD v4.",Clinical + Functional (serology and in-vitro assay),"HEL cells (EMSA + luciferase reporter, pGL3-basic)",UK Caucasian,N/A (not in gnomAD),N/A,N/A,Not available,NOT FEASIBLE,NOT FEASIBLE,N/A: transversion A→C,N/A,2024,McGowan et al. 2024 PMID: 39021419,https://pubmed.ncbi.nlm.nih.gov/39021419/,CORRECTED: year 2017→2024; ref Fennell→McGowan,
RHD,Rh (RHD),RHD,chr1,plus,004,c.1-114G>A,Not documented; prediction only,,"Promoter/5'UTR, SP1/GATA1 disruption",RHD-NC-003,,Promoter,SNV,chr1:25272434 G>A,N/A,G,A,N/A,"The variant c.1-114G>A is located in the RHD promoter region. Liu et al. (2026) performed CRISPR base-editing in K562 cells and observed strong loss of SP1 and GATA1 transcription factor binding at this position, accompanied by marked reduction in RHD transcription. Serologic confirmation of a clinical phenotype is not documented; the predicted phenotype of reduced RHD expression requires serologic verification in patient specimens.",Functional / Cell culture,"K562 (CRISPR base editing, qPCR, flow cytometry)",N/A,N/A (not in gnomAD),N/A,N/A,Not available,MEDIUM,NOT FEASIBLE,Guide design needed (CBE rev/minus strand; target G→A on + = C→T on −),Unknown: sequence lookup needed,2026,Liu et al. 2026,https://pmc.ncbi.nlm.nih.gov/articles/PMC12889522/,FLAGGED: manual review,
RHD,Rh (RHD),RHD,chr1,plus,004,c.1-110A>C,"DEL, clinically documented",,"Proximal promoter, GATA1 motif 3'-end",RHD-NC-004,N/A,Promoter,SNV,chr1:25272438 A>C,N/A,A,C,Novel (GenBank OR296440),"RHD c.1-110A>C is a promoter-region variant located 110 nucleotides upstream of the start codon. McGowan et al. 2024 demonstrated that the variant disrupts a GATA1 transcription factor binding motif and reduces promoter activity to approximately 73% of wild-type levels in a luciferase reporter assay. Serologically, the variant is associated with the DEL phenotype, a clinically documented null RHD state. The deleterious effect has been confirmed in a second independent study (Bénech et al. 2026).",Clinical + Functional (serology and in-vitro assay),"HEL cells (EMSA + luciferase reporter, pGL3-basic)",UK Caucasian,N/A (not in gnomAD),N/A,N/A,Not available,NOT FEASIBLE,NOT FEASIBLE,N/A: transversion A→C,N/A,2024,McGowan et al. 2024 PMID: 39021419,https://pubmed.ncbi.nlm.nih.gov/39021419/,CORRECTED: ref Fennell→McGowan 2024,
RHD,Rh (RHD),RHD,chr1,plus,004,c.1-83G>T,Variant D phenotype in a Thai donor; promoter activity unaffected in vitro,,Proximal promoter,RHD-NC-005,N/A,Promoter,SNV,chr1:25272465 G>T,N/A,G,T,N/A,The variant c.1-83G>T is located in the RHD promoter region. Bénech et al. 2026 evaluated its effect on RHD promoter activity using dual-luciferase assay in RHD-null K562 cells. No effect on RHD expression was observed. The variant has a gnomAD exome allele frequency of approximately 7.5×10⁻⁷.,Clinical + Functional (serology and in-vitro assay),"K562^RHD−/− (CRISPR-deleted background; dual-luciferase, nucleofection)",Thai/various,~7.5×10⁻⁷ (exome only),0,0,Not available,NOT FEASIBLE,NOT FEASIBLE,N/A: transversion G→T,N/A,2026,"Benech C, Nuchnoi P, Fichou Y. Functional investigation of the RHD gene promoter: molecular changes are rarely responsible for variant D phenotype in Thai donors. Transfusion. 2026;66(5):957-963. doi:10.1111/trf.70155. PMID 41795167",https://pubmed.ncbi.nlm.nih.gov/41795167/,CORRECTED: year 2017→2026; ref updated with PMID,https://gnomad.broadinstitute.org/variant/1-25272465-G-T?dataset=gnomad_r4
RHD,Rh (RHD),RHD,chr1,plus,004,Novel promoter variant 1 (Shao),Not determined,,Proximal promoter (~1.3 kb 5'-flanking),RHD-NC-006-test,HGVS not published,Promoter,Unknown/Complex,~chr1:25271xxx (not determined),N/A,N/A,N/A,N/A,Promoter variant; HGVS unpublished,Serological + molecular,N/A (serology/sequencing only),Chinese Han,N/A (not in gnomAD),N/A,N/A,Not available,NOT ASSESSABLE,NOT ASSESSABLE,N/A: coordinate not determined,N/A,2024,"Shao 2024, Transfusion Medicine",https://onlinelibrary.wiley.com/doi/10.1111/tme.13080,LIKELY VALID,
RHD,Rh (RHD),RHD,chr1,plus,004,Novel promoter variant 2 (Shao),Not determined,,Proximal promoter (~1.3 kb 5'-flanking),RHD-NC-007-test,HGVS not published,Promoter,Unknown/Complex,~chr1:25271xxx (not determined),N/A,N/A,N/A,N/A,Promoter variant; HGVS unpublished,Serological + molecular,N/A (serology/sequencing only),Chinese Han,N/A (not in gnomAD),N/A,N/A,Not available,NOT ASSESSABLE,NOT ASSESSABLE,N/A: coordinate not determined,N/A,2024,"Shao 2024, Transfusion Medicine",https://onlinelibrary.wiley.com/doi/10.1111/tme.13080,FLAGGED: manual review,
RHD,Rh (RHD),RHD,chr1,plus,004,c.1-49G>A,Predicted reduced expression,,5'UTR region,RHD-NC-008-test,chr1:25272499 G>A,5'UTR,SNV,chr1:25272499 G>A,rs1320440029,G,A,N/A,5'UTR disruption; ultra-rare,In silico / Not validated,N/A (in silico only),N/A,~7.1×10⁻⁷ (exome only),0,0,Not available,NOT FEASIBLE,NOT FEASIBLE,N/A: no NGG PAM available in window,N/A,2026,gnomAD v4,https://gnomad.broadinstitute.org,LIKELY VALID,https://gnomad.broadinstitute.org/variant/rs1320440029?dataset=gnomad_r4
RHD,Rh (RHD),RHD,chr1,plus,004,c.1-10C>T,Weak D reported,,5'UTR near ATG start codon,RHD-NC-009,RHD(-10C>T),5'UTR,SNV,chr1:25272538 C>T,rs373452048,C,T,N/A,RHD c.1-10C>T is a 5' UTR variant located 10 nucleotides upstream of the translation start codon. The variant has been reported in RhesusBase in association with a Weak D phenotype on serologic testing. No functional assay data are provided. The gnomAD v4 allele frequency is 2.96×10⁻⁵.,Database only,N/A (serology/sequencing only),European,2.96×10⁻⁵,0,3.47×10⁻⁵,~4.94×10⁻⁵ (exome),MEDIUM,NOT FEASIBLE,5'-CTGTGTCCGTCTCTGTGCAG-GGG-3' (rev/− strand); target C at pos 4 of protospacer,C at pos 7 → additional C→T bystander edit at chr1:25272532,2012,RhesusBase,http://www.rhesusbase.info,LIKELY VALID,https://gnomad.broadinstitute.org/variant/1-25272538-C-T?dataset=gnomad_r4
RHD,Rh (RHD),RHD,chr1,plus,004,c.1-4C>T,Predicted reduced expression,,"5'UTR, 4 bp upstream of start codon",RHD-NC-010-test,chr1:25272544 C>T,5'UTR,SNV,chr1:25272544 C>T,rs1359138965,C,T,N/A,5'UTR Kozak region; AFR-predominant,In silico / Not validated,N/A (in silico only),African,7.37×10⁻⁶,2.54×10⁻⁵,0,Not available,NOT FEASIBLE,NOT FEASIBLE,N/A: no NGG PAM placing C in window 4–8 (too close to ATG),N/A,2026,gnomAD v4,https://gnomad.broadinstitute.org,LIKELY VALID,https://gnomad.broadinstitute.org/variant/rs1359138965?dataset=gnomad_r4
RHD,Rh (RHD),RHD,chr1,plus,004,c.148+1G>A,"DEL. Originally identified by Singleton et al. 2001 as one of the first molecular causes of the Del phenotype (Japanese collaboration, Okubo group). Independently observed by McGowan et al. 2024 sample 8: C-E+c+e+ blood donor routinely phenotyped as r""r with a possible D signal on the RHD BeadChip",,Intron 1 donor +1,RHD-NC-019,IVS1+1G>A,Splice Site - Donor (canonical),SNV,chr1:25272696 G>A,N/A,G,A,RHD*01EL.05 (RHD*DEL5),"RHD c.148+1G>A (historically RHD IVS1+1G>A) abolishes the invariant donor GT dinucleotide of intron 1, predicted to cause exon 1 skipping. ISBT allele RHD*01EL.05 / RHD*DEL5. ORIGIN OF THE ALLELE: Flegel and Srivastava 2024 (Transfusion 64:1187-1190) place this variant among the first four RHD alleles ever recognised as molecular causes of the Del phenotype, attributing it to Singleton BK, Green CA, Kimura K, Minami A, Okubo Y, Daniels GL. Two new RHD mutations associated with the Del phenotype. Transfus Clin Biol 2001;8(Suppl 1) - a conference abstract, which is why the variant is absent from PubMed and ClinVar searches by nucleotide string. The other three founding DEL alleles were RHD(K409K) (c.1227G>A, the Asian-type DEL), RHD(IVS3+1G>A) and RHD(M295I), the latter three from Wagner et al. 2001. Raud et al., 2019 illustrate Minigene analysis consistent with serology from other studies. INDEPENDENT OBSERVATION: McGowan et al. 2024 detected the allele in an Australian blood donor (sample 8) on reanalysis after splice sites were added to their exome pipeline. PREDICTION: AlphaGenome splicing 2.57 and SpliceAI 0.99, both maximal-range calls; AlphaGenome RNA-seq -3.53, among the largest predicted expression reductions in the dataset. NOT covered by the Fichou et al. 2015 minigene panel, which did not include any intron 1 variant.",Clinical + Functional (serology and in-vitro assay),N/A (serology/sequencing only),Various,~3.8×10⁻⁶ (exome),0,0,Not available,NOT FEASIBLE,NOT FEASIBLE,N/A: IVS1+1; no suitable NGG PAM in positions 4–8 at this locus (confirmed prior assessment),N/A,2001,"McGowan EC, Wu PC, Hellberg A, Lopez GH, Hyland CA, Olsson ML. A bioinformatically initiated approach to evaluate GATA1 regulatory regions in samples with weak D, Del, or D- phenotypes despite normal RHD exons. Transfus Med Hemother. 2024;51(4):252-264. doi:10.1159/000538469. PMID 39021419; Flegel WA, Srivastava K. 40 years of researching the Del phenotype results in a change of transfusion practice. Transfusion. 2024;64(7):1187-1190. doi:10.1111/trf.17913. PMID 38899801. PMC11251845 (attributes RHD IVS1+1G>A to Singleton et al. as a founding DEL allele); Singleton BK, Green CA, Kimura K, Minami A, Okubo Y, Daniels GL. Two new RHD mutations associated with the Del phenotype. Transfus Clin Biol. 2001;8(Suppl 1) [conference abstract, primary report of this allele]; Raud L, Le Marechal C, Gehannin P, et al. Functional analysis of novel RHD variants: splicing disruption is likely to be a common mechanism of variant D phenotype. Transfusion. 2019. doi:10.1111/trf.15210; ISBT Names for RHD (ISBT 004) Blood Group Alleles v6.4 (RHD*01EL.05 / RHD*DEL5)",https://pubmed.ncbi.nlm.nih.gov/39021419/,CORRECTED: ref Fennell→McGowan 2024,https://gnomad.broadinstitute.org/variant/1-25272696-G-A?dataset=gnomad_r4
RHD,Rh (RHD),RHD,chr1,plus,004,c.148+1G>T,"DEL, clinically documented",,Intron 1 donor +1,RHD-NC-020,IVS1+1G>T,Splice Site - Donor (canonical),SNV,chr1:25272696 G>T,rs1320440029,G,T,RHD*01EL.31 (RHD*DEL31),"The variant c.148+1G>T disrupts the canonical GT donor splice site at intron 1 position +1. Garcia et al. 2015 and Wagner 2023 reported this mutation in a DEL phenotype (very low D antigen expression). Functional assays showed that the mutation abolishes the GT dinucleotide, producing only aberrantly spliced transcripts. Clinical validation comes from a carrier who formed anti-D antibodies with severe hemolytic disease of the newborn, confirming a deleterious effect on D antigen expression.",Clinical + Functional (serology and in-vitro assay),N/A (serology/sequencing only),Various,~7.6×10⁻⁷ (exome),0,0,Not available,NOT FEASIBLE,NOT FEASIBLE,N/A: transversion G→T,N/A,2014,Garcia et al. 2015; Wagner 2023; Wagner 2023 DOI: 10.1111/trf.12828,https://aob.amegroups.org/article/view/7557/html#:~:text=RHD%2A01EL.30%20c.1074,LIKELY VALID,https://gnomad.broadinstitute.org/variant/1-25272696-G-T?dataset=gnomad_r4
RHD,Rh (RHD),RHD,chr1,plus,004,c.335+1G>A,"D-negative, clinically documented",,Intron 2 donor +1,RHD-NC-021,IVS2+1G>A,Splice Site - Donor (canonical),SNV,chr1:25284760 G>A,rs373452048,G,A,RHD*01N.24,The c.335+1G>A variant is a canonical donor-site substitution at the invariant +1 position of an intron in RHD. Fichou et al. (2015) demonstrated disrupted splicing in a minigene assay in HEK293 cells. The variant is serologically confirmed in a D-negative individual with clinical documentation of the D-negative phenotype.,Clinical + Functional (serology and in-vitro assay),N/A (serology/sequencing only),Various,N/A (not in gnomAD),N/A,N/A,Not available,MEDIUM,MEDIUM,Guide design needed for both strands (CBE creates G>A; ABE correction restores A→G at IVS2+1),Unknown: sequence lookup needed,2007,Fichou et al. 2015 PMID: 25808592,https://pubmed.ncbi.nlm.nih.gov/25808592/,LIKELY VALID,
RHD,Rh (RHD),RHD,chr1,plus,004,c.486+1G>A,"DEL or D-negative, clinically documented",,Intron 3 donor +1,RHD-NC-022,IVS3+1G>A,Splice Site - Donor (canonical),SNV,chr1:25290792 G>A,rs1359138965,G,A,RHD*01EL.08 (RHD*DEL8),The variant c.486+1G>A affects the canonical donor splice site (+1 position) of the RHD gene. A minigene splicing assay in HEK293 cells demonstrated disrupted splicing. Serologically confirmed clinical association with D-negative or DEL phenotype has been documented. The variant is present in gnomAD v4 at a frequency of 4.64×10⁻⁵.,Clinical + Functional (serology and in-vitro assay),Clinical case series (qPCR + Sanger sequencing; no minigene published),Various (Eurasian),4.64×10⁻⁵ (exome),1.06×10⁻⁴,3.16×10⁻⁵,~7.6×10⁻⁵ (exome),NOT FEASIBLE,MEDIUM,ABE: Guide design needed (A→G correction direction at IVS3+1; ABE fwd strand direct target). CBE direction: no suitable PAM,N/A (CBE); Unknown: lookup needed (ABE correction),2001,Fichou et al. 2015,https://pubmed.ncbi.nlm.nih.gov/22313164/,CORRECTED: ref Haimowitz→Gardener 2012,https://gnomad.broadinstitute.org/variant/1-25290792-G-A?dataset=gnomad_r4
RHD,Rh (RHD),RHD,chr1,plus,004,c.486+2T>A,"D-negative, clinically documented",,Intron 3 donor +2,RHD-NC-023,IVS3+2T>A,Splice Site - Donor (canonical),SNV,chr1:25290793 T>A,rs2298564,T,A,RHD*01EL.09 (RHD*DEL9),The c.486+2T>A variant is a donor splice-site substitution at the invariant GT dinucleotide of intron 3. Fichou et al. 2015 demonstrated disrupted splicing in a minigene assay conducted in HEK293 cells. The variant is associated with serologically confirmed D-negative phenotype in a clinically documented case. Allele frequency in gnomAD v4 is not reported.,Clinical + Functional (serology and in-vitro assay),N/A (serology/sequencing only),German,N/A (not in gnomAD),N/A,N/A,Not available,NOT FEASIBLE,NOT FEASIBLE,N/A: transversion T→A,N/A,2008,Fichou et al. 2015,http://www.rhesusbase.info,LIKELY VALID,
RHD,Rh (RHD),RHD,chr1,plus,004,c.634+1G>T,"D-negative, serologically confirmed with negative adsorption-elution (Stegmann 2016). Observed in cis with 1136C>T, so the phenotype cannot be attributed to c.634+1G>T alone",,Intron 4 donor +1,RHD-NC-078,IVS4+1G>T,Splice Site - Donor (canonical),SNV,chr1:25301094 G>T,N/A,G,T,RHD*[634+1G>T,"The variant c.634+1G>T is located at the canonical donor splice site of intron 4 (position +1). It was identified in a single patient reported by Stegmann et al. (2016) and observed in cis with 1136C>T as a compound allele, RHD*[634+1G>T; 1136C>T]. The patient was serologically confirmed as D-negative by adsorption-elution testing. The D-null phenotype was associated with this compound allele; however, the independent functional contribution of c.634+1G>T cannot be distinguished from that of the co-inherited 1136C>T variant. No in vitro functional assay of this variant alone has been published. The allele frequency in gnomAD v4 exome data is 1.365 x 10^-5.",Clinical / Serological,N/A (serology/sequencing only),Various,1.365×10⁻⁵ (exome),N/A,N/A,Not available,NOT FEASIBLE,NOT FEASIBLE,N/A: transversion G→T,N/A,2014,"ISBT; Stegmann et al. 2016 (Br J Haematol, 10.1111/bjh.13960), allele RHD*[634+1G>T; 1136C>T] Allele designations: RHD*[634+1G>T; DOI: 10.1111/bjh.13960, 10.1111/bjh.13960.",https://onlinelibrary.wiley.com/doi/10.1111/bjh.13960,FLAGGED: manual review,https://gnomad.broadinstitute.org/variant/1-25301094-G-T?dataset=gnomad_r4
RHD,Rh (RHD),RHD,chr1,plus,004,c.634+1G>A,"D-negative, confirmed serologically.",,Intron 4 donor +1,RHD-NC-025,IVS4+1G>A (also c.601+1G>A),Splice Site - Donor (canonical),SNV,chr1:25301094 G>A,rs751341830,G,A,RHD*01N (novel),"The c.634+1G>A variant affects the invariant donor GT dinucleotide at the canonical splice site of intron 4. Fichou et al. 2015 performed a minigene splicing assay in HEK293 cells and demonstrated disrupted splicing. Zhang et al. 2025 noted that SpliceAI prediction indicates significant impact on splicing. A serologic phenotype of D-negative has been reported. 33-year-old Chinese Han female blood donor, B, C+c+E-e-; D antigen negative by automated and manual methods using three monoclonal anti-D reagents by saline and indirect antiglobulin test (tube and microcolumn gel); antibody screen negative.",Clinical + Functional (serology and in-vitro assay),N/A (serology/sequencing only),Chinese,N/A (not in gnomAD),N/A,N/A,Not available,MEDIUM,MEDIUM,Guide design needed (CBE creates IVS4+1 G>A; ABE corrects A→G),Unknown: sequence lookup needed,2025,"Fichou Y, Gehannin P, Corre M, Le Guern A, Le Marechal C, Le Gac G, Ferec C. Extensive functional analyses of RHD splice site variants: insights into the potential role of splicing in the physiology of Rh. Transfusion. 2015;55(6 Pt 2):1432-1443. doi:10.1111/trf.13083. PMID 25808592; Zhang X, Zhou ZR, Huang XY, Li LC, Li XF, Li JP. A novel RHD*01N allele harboring a c.634+1G>A splice site variant results in the RhD-negative phenotype in a Chinese blood donor. Transfusion. 2025;65(10):E66-E68. doi:10.1111/trf.18390. PMID 40910776",https://pubmed.ncbi.nlm.nih.gov/25808592/,VERIFIED,
RHD,Rh (RHD),RHD,chr1,plus,004,c.634+2T>A,Not determined (ND). No serological phenotype has been reported for a carrier,,Intron 4 donor +2,RHD-NC-026,IVS4+2T>A,Splice Site - Donor (canonical),SNV,chr1:25301095 T>A,N/A,T,A,N/A,"The variant c.634+2T>A is a canonical donor-site substitution at position +2 of intron 4 in RHD. A minigene splicing assay in HEK293 cells demonstrated disrupted splicing. The variant has not been reported in gnomAD v4. Serologic data indicating D-negative or DEL phenotype cannot be verified (Fichou et al cited phenotype as not determined). Correct. Wagner has allele listed in the abstract but unusually, serology results are not listed (D-negative likely by initial testing but ads/el results arent listed).",Functional / Cell culture,N/A (serology/sequencing only),Various,N/A (not in gnomAD),N/A,N/A,Not available,NOT FEASIBLE,NOT FEASIBLE,N/A: transversion T→A,N/A,2012,"Fichou Y, Le Marechal C, Bryckaert L, Guerry C, Benech C, Dupont I, Jamet D, Ferec C, Chen JM. Extensive functional analyses of RHD splice site variants: insights into the potential role of splicing in the physiology of Rh. Transfusion. 2015;55(6 Pt 2):1432-1443. doi:10.1111/trf.13083. PMID 25808592 (Table 1: D phenotype ND, citing Wagner FF, Mardt I, Bittner R, et al. Vox Sang. 2012;103:15)",https://pubmed.ncbi.nlm.nih.gov/25808592/,LIKELY VALID,
RHD,Rh (RHD),RHD,chr1,plus,004,c.801+1G>A,"D-negative, clinically documented",,Intron 5 donor +1,RHD-NC-027,IVS5+1G>A,Splice Site - Donor (canonical),SNV,chr1:25301687 G>A,rs1399683971,G,A,RHD*01N.54,"RHD c.801+1G>A is a canonical donor-site variant at the invariant GT dinucleotide. Fichou et al. 2015 characterized the variant using a minigene splicing assay in HEK293 cells, observing disrupted splicing. The variant was serologically confirmed in a D-negative individual with clinically documented phenotype.",Clinical + Functional (serology and in-vitro assay),N/A (serology/sequencing only),Various,~1.6×10⁻⁶ (exome),0,0,Not available,MEDIUM,NOT FEASIBLE,Guide design needed (CBE rev strand; G at 25301687),Unknown: sequence lookup needed,2012,Fichou et al. 2015,http://www.rhesusbase.info,LIKELY VALID,https://gnomad.broadinstitute.org/variant/1-25301687-G-A?dataset=gnomad_r4
RHD,Rh (RHD),RHD,chr1,plus,004,c.801+2T>A,D negative,,Intron 5 donor +2,RHD-NC-085,IVS5+2T>A,Splice Site - Donor (canonical),SNV,chr1:25301688 T>A,rs2522203403,T,A,N/A,"RHD c.801+2T>A (IVS5+2T>A) substitutes the invariant T of the canonical GT donor dinucleotide of intron 5. Its only support is the RHeference entry (RHef00712), which cites a Wagner et al. 2012 abstract (Transfusion; 'Single adsorption/elution with anti-D may be insufficient to determine the D antigen status of very weak DEL alleles'). No in-vitro assay has been reported. gnomAD v4 AF 7.25e-7. In-silico tools agree on strong splice disruption (AlphaGenome splicing 1.63, SpliceAI 1.0).",Database only,N/A (serology/sequencing only),Various,7.253e-07,N/A,N/A,Not available,NOT FEASIBLE,NOT FEASIBLE,N/A: transversion T→A,N/A,2012,"RHeference RHef00712; Jia et al. (reassigned to RHD-ADD-002, c.801+2T>G)",https://www.rheference.org/allele/RHef00712,LIKELY VALID,https://gnomad.broadinstitute.org/variant/1-25301688-T-A?dataset=gnomad_r4
RHD,Rh (RHD),RHD,chr1,plus,004,c.939+1G>A,"D-negative, clinically documented",,Intron 6 donor +1,RHD-NC-029,IVS6+1G>A,Splice Site - Donor (canonical),SNV,chr1:25303460 G>A,N/A,G,A,RHD*01N.55,"c.939+1G>A abolishes the invariant +1 G of the intron 6 donor site (ISBT RHD*01N.55). Raud et al. 2019 tested it directly in a minigene splicing assay (pSplicePOLR2G3 construct, fluorescent RT-PCR): the variant produced total alteration of splicing (scored +++ in their Table 1) with complete absence of the full-length product, i.e. it abolishes expression of a normal transcript. Raud et al. list it among the 11 of 17 variants confirmed as splice-site variants. The associated D-negative phenotype is from their reference 16, not from a case series of their own. Heterologous in-vitro support is therefore established; the earlier uncertainty over whether this variant was among the 17 assayed is resolved (it is, Table 1, exon 6 row). AlphaGenome splicing 1.25; SpliceAI 0.99.",Clinical + Functional (serology and in-vitro assay),N/A (serology/sequencing only),Various,N/A (not in gnomAD),N/A,N/A,Not available,MEDIUM,MEDIUM,Guide design needed (CBE creates IVS6+1 G>A; ABE corrects A→G),Unknown: sequence lookup needed,2014,"Raud et al. 2019 (minigene splicing assay, Table 1) PMID: 30811032 DOI: 10.1111/trf.15210 Allele designations: RHD*01N.55",https://pubmed.ncbi.nlm.nih.gov/30811032/,LIKELY VALID,
RHD,Rh (RHD),RHD,chr1,plus,004,c.939+2T>A,"D-negative, clinically documented",,Intron 6 donor +2,RHD-NC-030,IVS6+2T>A,Splice Site - Donor (canonical),SNV,chr1:25303461 T>A,N/A,T,A,RHD*01N.38,"The c.939+2T>A variant is located at the +2 position of the donor splice site of RHD exon 7, the invariant GT dinucleotide. Fichou et al. (2015) demonstrated disrupted splicing and low exon inclusion using a minigene splicing assay in HEK293 cells. The variant was serologically confirmed in a clinically documented D-negative individual.",Clinical + Functional (serology and in-vitro assay),N/A (serology/sequencing only),Various,N/A (not in gnomAD),N/A,N/A,Not available,NOT FEASIBLE,NOT FEASIBLE,N/A: transversion T→A,N/A,2013,Fichou et al. 2015,http://www.rhesusbase.info,LIKELY VALID,
RHD,Rh (RHD),RHD,chr1,plus,004,c.939+2_939+5delTAAG,"D-negative (1 Chinese individual, Shao 2002), but on an allele that also carries the frameshift coding insertion c.908_909insTGGCT (S305X)",,Intron 6 donor +2–+5 deletion,RHD-NC-031,IVS6+2del TAAG,Splice Site - Donor (canonical),Small Deletion (indel),chr1:25303461_25303464del,N/A,TAAG,del,RHD*01N.27,The variant c.939+2_939+5delTAAG is a small deletion affecting the canonical donor splice site at intron 6 of the RHD gene. It has been reported in association with a D-negative serologic phenotype. The variant was identified through sequencing and serologic testing; no in vitro functional assay has been published. The source is ISBT v6.4. The variant is absent from gnomAD v4.,Allele reported; phenotype attributed to another change on the same allele,N/A (serology/sequencing only),Various,N/A (not in gnomAD),N/A,N/A,Not available,N/A,N/A,N/A: deletion (4 bp),N/A,2010,"Shao CP, Maas JH, Su YQ, Kohler M, Legler TJ. Molecular background of Rh D-positive, D-negative, Del and weak D phenotypes in Chinese. Vox Sang. 2002;83(2):156-161. doi:10.1046/j.1423-0410.2002.00192.x (Table 2, allele RHD IVS6+1-4delGTAA / 904-905insGGCTT, GenBank AF390113, 1 D-negative individual); Ye SH, Li DZ, Li BC, et al. A comprehensive investigation of RHD polymorphisms in the Chinese Han population in Xi'an. Blood Transfus. 2014;12(3):396-404. doi:10.2450/2013.0121-13 (allele 32, RHD*01N.27, IVS6+1-4delGTAA + 904-905insGGCTT); Flegel WA, Srivastava K. Frameshift variations in the RHD coding sequence: molecular mechanisms permitting protein expression. Transfusion (RHD*908_909insTGGCT, 939+2_939+5delTAAG; RHD*01N.27; AF390113); ISBT Names for RHD (ISBT 004) Blood Group Alleles v6.4",https://doi.org/10.1046/j.1423-0410.2002.00192.x,FLAGGED: manual review,
RHD,Rh (RHD),RHD,chr1,plus,004,c.1073+1G>A,D negative,,Intron 7 donor +1,RHD-NC-089,IVS7+1G>A,Splice Site - Donor (canonical),SNV,chr1:25306730 G>A,rs1553145693,G,A,N/A,"RHD c.1073+1G>A (IVS7+1G>A) substitutes the invariant G of the canonical GT donor dinucleotide of intron 7. de Paula Vendrame et al. 2019 (Vox Sang) identified a D-negative carrier among Brazilian (São Paulo) donors; RHeference reports it as 1 carrier among the D-negative donors screened for RHD out of 10,417 random donors (the denominator is recorded ambiguously as 1,403 or 1,043), and the case is confirmed by a GenBank submission. RHeference (RHef00681) also cites a Wagner et al. 2019 abstract (Transfus Med Hemother) reporting 1 carrier among ~136,000 German D-negative donors (RHD detected in 300). That abstract could not be found, so whether it is a second independent case is unconfirmed. No in-vitro assay has been reported. dbSNP rs1553145693; gnomAD v4 AF 7.26e-7. In-silico tools predict splice disruption (AlphaGenome splicing 1.11, SpliceAI 0.75).",Clinical / Serological,N/A (serology/sequencing only),N/A,7.262e-07,N/A,N/A,Not available,MEDIUM,MEDIUM,Guide design needed (CBE creates IVS7+1 G>A; ABE corrects),Unknown: sequence lookup needed,2016,de Paula Vendrame TA et al. Characterization of RHD alleles present in serologically RHD-negative donors determined by a sensitive microplate technique. Vox Sang 2019. doi:10.1111/vox.12851; RHeference RHef00681,https://onlinelibrary.wiley.com/doi/full/10.1111/vox.12851,LIKELY VALID,https://gnomad.broadinstitute.org/variant/1-25306730-G-A?dataset=gnomad_r4
RHD,Rh (RHD),RHD,chr1,plus,004,c.1073+1G>T,"D-negative, serologically confirmed. Initial serology, extended serology and adsorption-elution were all negative (Stegmann 2016, Table III)",,Intron 7 donor +1,RHD-NC-033,IVS7+1G>T,Splice Site - Donor (canonical),SNV,chr1:25306730 G>T,N/A,G,T,RHD*01N.70,"The variant c.1073+1G>T affects the invariant donor splice site at intron 7, position +1. Stegmann et al. 2016 identified this variant in a single case with D-negative serology. Initial serology, extended serology, and adsorption-elution were all negative, confirming the D-negative phenotype and excluding a DEL (RHD deletion) background. No in vitro splicing assay, minigene study, or transduction assay was performed for this splice variant.",Clinical / Serological,N/A (serology/sequencing only),Various,N/A (not in gnomAD),N/A,N/A,Not available,NOT FEASIBLE,NOT FEASIBLE,N/A: transversion G→T,N/A,2014,Stegmann et al. 2016 DOI: 10.1111/bjh.13960,https://onlinelibrary.wiley.com/doi/full/10.1111/bjh.13960,LIKELY VALID,
RHD,Rh (RHD),RHD,chr1,plus,004,c.1073+2T>C,"D-negative, recorded in RhesusBase (database entry, not a primary clinical report)",,Intron 7 donor +2,RHD-NC-034,IVS7+2T>C,Splice Site - Donor (canonical),SNV,chr1:25306731 T>C,rs149598033,T,C,RHD*01N.56,"The c.1073+2T>C variant is a canonical donor splice-site substitution at the invariant GT dinucleotide of intron 7 in RHD. Fichou et al. (2015) demonstrated disrupted splicing in a minigene assay conducted in HEK293 cells. The variant has been associated with D-negative serology in a clinical specimen; however, the details of serologic confirmation and the number of independent clinical reports are not specified in the available data, however serology can be confirmed on genbank (https://www.ncbi.nlm.nih.gov/nuccore/JQ862601). The allele is rare, with a gnomAD v4 exome frequency of approximately 3.2×10⁻⁶.",Clinical + Functional (serology and in-vitro assay),N/A (serology/sequencing only),Various,~3.2×10⁻⁶ (exome),0,0,Not available,NOT FEASIBLE,MEDIUM,ABE: Guide design needed (T→C on + strand = A→G on − strand; ABE rev/minus guide). T→C is NOT a CBE target,Unknown: sequence lookup needed,2012,"Fichou Y, Le Marechal C, Bryckaert L, Guerry C, Benech C, Dupont I, Jamet D, Ferec C, Chen JM. Extensive functional analyses of RHD splice site variants: insights into the potential role of splicing in the physiology of Rh. Transfusion. 2015;55(6 Pt 2):1432-1443. doi:10.1111/trf.13083. PMID 25808592 (Table 1: D phenotype Negative, source Rhesus Base)",https://pubmed.ncbi.nlm.nih.gov/25808592/,LIKELY VALID,https://gnomad.broadinstitute.org/variant/1-25306731-T-C?dataset=gnomad_r4
RHD,Rh (RHD),RHD,chr1,plus,004,c.1153+1G>A,"D-negative, clinically documented",,Intron 8 donor +1,RHD-NC-035,IVS8+1G>A,Splice Site - Donor (canonical),SNV,chr1:25317080 G>A,rs1307580717,G,A,RHD*01N.26,"The variant c.1153+1G>A is a canonical donor splice-site substitution at the invariant +1 position. Fichou et al. 2015 evaluated this variant using a minigene splicing assay in HEK293 cells and observed disrupted splicing; null exon inclusion was not detected. The variant is associated with a D-negative serologic phenotype, clinically documented.",Clinical + Functional (serology and in-vitro assay),N/A (serology/sequencing only),Various,N/A (not in gnomAD),N/A,N/A,Not available,MEDIUM,MEDIUM,Guide design needed (CBE creates IVS8+1 G>A; ABE corrects),Unknown: sequence lookup needed,2001,Fichou et al. 2015,http://www.rhesusbase.info,LIKELY VALID,
RHD,Rh (RHD),RHD,chr1,plus,004,c.1227+2T>C,"D-negative, serologically confirmed (Lee et al. 2025)",,Intron 9 donor +2,RHD-NC-036,IVS9+2T>C,Splice Site - Donor (canonical),SNV,chr1:25321964 T>C,N/A,T,C,"Novel (2025, Korean)","RHD c.1227+2T>C is a novel SNV affecting the canonical donor splice site of intron 9, identified in a Korean population study (Lee et al. 2025). The variant is predicted to cause exon 9 skipping, resulting in a shortened mRNA transcript. Serologic confirmation of D-negative phenotype is not documented; the D-negative assignment is based on in silico prediction only. No functional assay data are provided. The variant is absent from gnomAD v4.",Clinical / Serological,N/A (serology/sequencing only),Korean,N/A (not in gnomAD),N/A,N/A,Not available,NOT FEASIBLE,MEDIUM,ABE: Guide design needed (T→C on + strand = A→G on − strand; ABE rev/minus guide),Unknown: sequence lookup needed,2025,"Lee JK, Jang JH, Seo J, Cho D, Lim J. The novel c.1227+2T>C variant in RHD results in the serological D-negative phenotype. Transfusion. 2025;65(9):E43-E45. doi:10.1111/trf.18334. PMID 40944512. PMC12432814",https://pubmed.ncbi.nlm.nih.gov/40944512/,VERIFIED,
RHD,Rh (RHD),RHD,chr1,plus,004,c.336-1G>A,"D-negative, clinically documented",,Intron 2 acceptor -1,RHD-NC-037,IVS2-1G>A,Splice Site - Acceptor (canonical),SNV,chr1:25290640 G>A,rs751341830,G,A,RHD*01N.25,c.336-1G>A is a canonical acceptor splice-site variant located one nucleotide upstream of the intron 2/exon 3 boundary of RHD. Fichou et al. 2015 characterized this variant using a minigene splicing assay in HEK293 cells and demonstrated disrupted splicing. The variant was serologically confirmed in a clinically documented D-negative patient.,Clinical + Functional (serology and in-vitro assay),N/A (serology/sequencing only),Various,N/A (not in gnomAD),N/A,N/A,Not available,MEDIUM,MEDIUM,Guide design needed (CBE creates IVS3−1 G>A; ABE corrects A→G),Unknown: sequence lookup needed,2007,Fichou et al. 2015,http://www.rhesusbase.info,LIKELY VALID,
RHD,Rh (RHD),RHD,chr1,plus,004,c.336-2A>G,"DEL, clinically documented",,Intron 2 acceptor -2,RHD-NC-038,IVS2-2A>G,Splice Site - Acceptor (canonical),SNV,chr1:25290639 A>G,rs1187956199,A,G,RHD*01EL.33 (RHD*DEL33),"The variant c.336-2A>G affects the invariant acceptor dinucleotide at position -2 of the intron 2 splice site in RHD. Fichou et al. (2015) performed a minigene splicing assay in HEK293 cells, which demonstrated disrupted splicing. The variant is serologically confirmed to associate with the DEL phenotype in clinically documented patients.",Clinical + Functional (serology and in-vitro assay),N/A (serology/sequencing only),Various (predominantly EUR),1.53×10⁻⁵,0,3.12×10⁻⁵,~4.0×10⁻⁶ (exome),NOT FEASIBLE,MEDIUM,ABE: Guide design needed (A→G direct fwd strand target at IVS3−2),Unknown: sequence lookup needed,2011,Fichou et al. 2015,http://www.rhesusbase.info,LIKELY VALID,https://gnomad.broadinstitute.org/variant/1-25290639-A-G?dataset=gnomad_r4
RHD,Rh (RHD),RHD,chr1,plus,004,c.336-2delA,"DEL or partial D, recorded in RhesusBase",,Intron 2 acceptor -2 deletion,RHD-NC-039,IVS2-2delA,Splice Site - Acceptor (canonical),Small Deletion (indel),chr1:25290639 A>del,rs1399683971,A,del,RHD*53 / RHD*01EL.22,"The variant c.336-2delA is a canonical acceptor splice-site deletion located at intron 2, position -2 (the invariant AG dinucleotide). Fichou et al. 2015 characterized this variant using a minigene splicing assay in HEK293 cells, demonstrating disrupted splicing. The variant has been associated with DEL or partial D phenotypes per RhesusBase;  An allele designation RHD*53 / RHD*01EL.22 (DEL/Partial D) is referenced to Scott 2014, but clinical or serologic validation details are not supplied. The variant is absent from gnomAD v4.",Clinical + Functional (serology and in-vitro assay),N/A (serology/sequencing only),Australian,N/A (not in gnomAD),N/A,N/A,Not available,N/A,N/A,N/A: deletion at acceptor −2,N/A,2013,"Fichou Y, Le Marechal C, Bryckaert L, Guerry C, Benech C, Dupont I, Jamet D, Ferec C, Chen JM. Extensive functional analyses of RHD splice site variants: insights into the potential role of splicing in the physiology of Rh. Transfusion. 2015;55(6 Pt 2):1432-1443. doi:10.1111/trf.13083. PMID 25808592 (Table 1: D phenotype ""DEL, partial"", source Rhesus Base)",https://pubmed.ncbi.nlm.nih.gov/25808592/,CORRECTED: ref Fichou→Scott 2014,
RHD,Rh (RHD),RHD,chr1,plus,004,c.635-2A>G,"DEL or weakened D, clinically documented",,Intron 4 acceptor -2,RHD-NC-040,IVS4-2A>G,Splice Site - Acceptor (canonical),SNV,chr1:25301518 A>G,rs1643383392,A,G,RHD*01EL.19 (RHD*DEL19),"The variant c.635-2A>G is located at the canonical acceptor splice site of the RHD gene. Fichou et al. (2015) demonstrated disrupted splicing in a minigene assay conducted in HEK293 cells, with no evidence of null exon inclusion. The variant is serologically confirmed to produce a DEL or weakened D phenotype in clinically documented patients.",Clinical + Functional (serology and in-vitro assay),N/A (serology/sequencing only),Various,N/A (not in gnomAD),N/A,N/A,Not available,NOT FEASIBLE,MEDIUM,CORRECTED: A→G IS a direct ABE forward-strand target at IVS4−2. Guide design needed. Prior assessment error.,Unknown: sequence lookup needed,2010,Fichou et al. 2015,http://www.rhesusbase.info,LIKELY VALID,
RHD,Rh (RHD),RHD,chr1,plus,004,c.635-2A>C,"Partial D, blood donor, DcE or Dce haplotype (Garcia et al. 2015, case 3.1)",,Intron 4 acceptor -2,RHD-NC-041,IVS4-2A>C,Splice Site - Acceptor (canonical),SNV,chr1:25301518 A>C,N/A,A,C,RHD*54,"The variant c.635-2A>C, designated RHD*54, is recorded in RhesusBase as associated with weakened D expression and a partial D phenotype. The variant ablates the canonical AG acceptor dinucleotide at intron 4, position -2, which is predicted to reduce exon 5 inclusion while permitting some residual RhD protein expression. Serologic confirmation of the partial D phenotype is not documented in the provided sources; the phenotype assignment is based on prediction. Raud manuscript illustrates minigene assay with reduced function consistent with serology.",Clinical + Functional (serology and in-vitro assay),N/A (serology/sequencing only),Various,N/A (not in gnomAD),N/A,N/A,Not available,NOT FEASIBLE,NOT FEASIBLE,N/A: transversion A→C,N/A,2014,"Garcia F, Rodriguez MA, Goldman M, et al. New RHD variant alleles. Transfusion. 2015;55(2):427-429. doi:10.1111/trf.12828 (Table 1, case 3.1: donor, IVS4-2A>C splice site, allele RHD*IVS4-2C, GenBank KF861936, haplotype DcE or Dce, phenotype Partial D); Raud L, Le Marechal C, Gehannin P, et al. Functional analysis of novel RHD variants: splicing disruption is likely to be a common mechanism of variant D phenotype. Transfusion. 2019. doi:10.1111/trf.15210; RhesusBase allele RHD*54",https://doi.org/10.1111/trf.12828,LIKELY VALID,
RHD,Rh (RHD),RHD,chr1,plus,004,c.802-1G>C,"D-negative in the proband, confirmed with four monoclonal anti-D reagents including adsorption-elution (Mo et al. 2025)",,Intron 5 acceptor -1,RHD-NC-042,IVS5-1G>C,Splice Site - Acceptor (canonical),SNV,chr1:25303321 G>C,N/A,G,C,Novel (2025),"RHD c.802-1G>C alters the invariant acceptor dinucleotide of intron 5 from AG to AC. Mo et al. 2025 (Transfus Med 35:494-497) identified it in a Chinese blood donor whose red cells typed clearly D-negative with all four monoclonal anti-D reagents, by saline tube IgM anti-D, indirect antiglobulin test and adsorption-elution. The authors report that the change abolishes the splicing effect of the involved exon and conclude that it leads to the D-negative phenotype. The splicing consequence was assessed computationally with VarSEAK and MutationTaster; the paper states explicitly that the study ""was limited by the lack of mRNA sequencing validation"", so no experimental splicing assay was performed. The allele is deposited in GenBank under accession ON820228.",Clinical / Serological,N/A (serology/sequencing only),Chinese,N/A (not in gnomAD),N/A,N/A,Not available,NOT FEASIBLE,NOT FEASIBLE,N/A: transversion G→C,N/A,2025,Mo et al. 2025 PMID: 41051357,https://pubmed.ncbi.nlm.nih.gov/41051357/,VERIFIED,
RHD,Rh (RHD),RHD,chr1,plus,004,c.1074-1G>A,"D-negative, serologically confirmed in 3 independent cases with negative adsorption-elution",,Intron 7 acceptor -1,RHD-NC-076,IVS7-1G>A,Splice Site - Acceptor (canonical),SNV,chr1:25316999 G>A,N/A,G,A,"RHD*01N.71, RHD*1074-1G>A","The variant c.1074-1G>A occurs at the invariant acceptor dinucleotide of intron 7 (IVS7-1 position), a canonical splice site. It was identified in three independent cases, each with serologically confirmed D-negative phenotype and negative adsorption-elution testing (Stegmann et al. 2016, Table I). The variant is designated RHD*01N.71 in the ISBT Rheference database (RHef00508). Genotype and serotype were correlated in all three individuals. No gnomAD entry is recorded.",Clinical / Serological,N/A (serology/sequencing only),Various,N/A (not in gnomAD),N/A,N/A,Not available,MEDIUM,MEDIUM,Guide design needed (CBE creates IVS7−1 G>A; ABE corrects),Unknown: sequence lookup needed,2014,"ISBT; Rheference RHef00508 (RHD*01N.71); Stegmann et al. 2016 (Br J Haematol, 10.1111/bjh.13960) Allele designations: RHD*01N.71, RHD*1074-1G>A Rheference: RHef00508 DOI: 10.1111/bjh.13960",https://onlinelibrary.wiley.com/doi/full/10.1111/bjh.13960,LIKELY VALID,
RHD,Rh (RHD),RHD,chr1,plus,004,c.1074-2A>C,"D-negative, clinically documented",,Intron 7 acceptor -2,RHD-NC-044,IVS7-2A>C,Splice Site - Acceptor (canonical),SNV,chr1:25316998 A>C,N/A,A,C,RHD*01N.81,"The variant c.1074-2A>C is a canonical acceptor splice site substitution at position -2, located 2 nucleotides upstream of the invariant AG dinucleotide. Fichou et al. 2015 reported serologic confirmation of D-negative phenotype in a clinically documented patient. Functional validation was performed using a minigene splicing assay in HEK293 cells, which demonstrated disrupted splicing. The variant is absent from gnomAD v4.",Clinical + Functional (serology and in-vitro assay),N/A (serology/sequencing only),Various,N/A (not in gnomAD),N/A,N/A,Not available,NOT FEASIBLE,NOT FEASIBLE,N/A: transversion A→C,N/A,2011,Fichou et al. 2015,http://www.rhesusbase.info,LIKELY VALID,
RHD,Rh (RHD),RHD,chr1,plus,004,c.1154-2A>T,"D-negative in the proband, confirmed with four monoclonal anti-D reagents including adsorption-elution (Mo et al. 2025)",,Intron 8 acceptor -2,RHD-NC-045,IVS8-2A>T,Splice Site - Acceptor (canonical),SNV,chr1:25321887 A>T,N/A,A,T,Novel (2025),"RHD c.1154-2A>T alters the invariant acceptor dinucleotide of intron 8 from AG to TG. Mo et al. 2025 (Transfus Med 35:494-497) identified it in a Chinese blood donor, also typing clearly D-negative with all four monoclonal anti-D reagents including adsorption-elution. The authors report that the change abolishes the splicing effect of the involved exon and attribute the D-negative phenotype to it. As for the companion variant, the splicing consequence rests on VarSEAK and MutationTaster prediction and the paper states it ""was limited by the lack of mRNA sequencing validation"". The allele is deposited in GenBank under accession OR426989.",Clinical / Serological,N/A (serology/sequencing only),Chinese,N/A (not in gnomAD),N/A,N/A,Not available,NOT FEASIBLE,NOT FEASIBLE,N/A: transversion A→T,N/A,2025,Mo et al. 2025 PMID: 41051357,https://pubmed.ncbi.nlm.nih.gov/41051357/,VERIFIED,
RHD,Rh (RHD),RHD,chr1,plus,004,c.1228-1G>A,"D-negative, clinically documented",,Intron 9 acceptor -1,RHD-NC-046,IVS9-1G>A,Splice Site - Acceptor (canonical),SNV,chr1:25328897 G>A,N/A,G,A,RHD*01N.77,"c.1228-1G>A abolishes the invariant -1 G of the intron 9 acceptor site of exon 10 (ISBT RHD*01N.77), phenotype D-negative. Raud et al. 2019 assayed it in their minigene system: it activates a 3' cryptic splice site involving the last nucleotide of the coding region and the first nucleotide of the 3'UTR, causing complete exclusion of exon 10 (scored +++ in their Table 1). CITATION CORRECTED: this entry previously cited Wu et al. 2021, but that report describes c.1228-1G>C, a different substitution at the same position, in a Chinese family (proband IAT-negative to three anti-D clones and weak with a fourth, positive by adsorption-elution, i.e. a DEL-like rather than D-negative phenotype; the allele passed to his daughter, who has a normal RHD in trans and types D-positive; the authors state explicitly that 'without in vitro demonstration we can only predict the effect on the RNA production'). Wu 2021 is retained as a related observation at the same nucleotide, not as the primary reference for this allele. AlphaGenome splicing 1.60; SpliceAI 0.97.",Clinical + Functional (serology and in-vitro assay),N/A (serology/sequencing only),Various,N/A (not in gnomAD),N/A,N/A,Not available,MEDIUM,NOT FEASIBLE,Guide design needed (CBE rev strand; G at 25328897),Unknown: sequence lookup needed,2014,"Raud et al. 2019 (minigene splicing assay, Table 1; primary functional reference) PMID: 30811032 DOI: 10.1111/trf.15210 | Related, different substitution c.1228-1G>C: Wu et al., Transfusion 2021;61:E55-E56 PMID: 34291823 DOI: 10.1111/trf.16510 Allele designations: RHD*01N.77",https://pubmed.ncbi.nlm.nih.gov/30811032/,LIKELY VALID,
RHD,Rh (RHD),RHD,chr1,plus,004,c.1228-1_1248del,D-negative,,Intron 9 acceptor -1 to exon 10 deletion,RHD-NC-047-test,IVS9-1 to exon 10 del,Splice Site - Acceptor (canonical),Small Deletion (indel),~chr1:25328897_25328918del,N/A,N/A,del,RHD*01N.44,Acceptor -1 to exon 10 deletion,Serological + molecular,N/A (serology/sequencing only),Various,N/A (not in gnomAD),N/A,N/A,Not available,N/A,N/A,N/A: deletion,N/A,2010,ISBT v6.4,https://www.isbtweb.org,LIKELY VALID,
RHD,Rh (RHD),RHD,chr1,plus,004,c.148+3G>T,"DEL or weak D, clinically documented",,Intron 1 donor +3,RHD-NC-048,IVS1+3G>T,Near-Splice Intronic,SNV,chr1:25272698 G>T,N/A,G,T,RHD*148+3G>T,"c.148+3G>T lies at position +3 of the intron 1 donor site (novel allele RHD*148+3G>T, GenBank MK749426). Wen et al. 2023 identified it in ONE sample (their Table 1; RhCE C+c+E-e+) and assayed it in an in-vitro minigene splicing assay. THE ASSAY WAS NEGATIVE FOR SPLICING: RHD*148+3G>T did not affect splicing of exon 1 (their Figure S1A), and the authors conclude that 'other mechanisms may be responsible for the weak expression of the D antigen'. The previous wording here ('functional validation demonstrated a deleterious effect on D antigen or mRNA expression') came from the paper's general abstract statement about the seven novel alleles, not from this variant's own result, and the earlier 'clinically documented patients' (plural) is n=1. The variant is associated with a weak D or DEL phenotype, but splicing is experimentally excluded as the mechanism. Absent from gnomAD v4.",Clinical + Functional (serology and in-vitro assay),N/A (serology/sequencing only),Chinese,N/A (not in gnomAD),N/A,N/A,Not available,NOT FEASIBLE,NOT FEASIBLE,N/A: transversion G→T,N/A,2022,"Wen et al., Transfusion 2023;63:400-410 (Table 1; in-vitro minigene splicing assay, Figure S1A - no effect on exon 1 splicing) PMID: 36382965 DOI: 10.1111/trf.17186 GenBank: MK749426 Allele designations: RHD*148+3G>T",https://pubmed.ncbi.nlm.nih.gov/36382965/,CORRECTED: ref Lin→Wen 2023,
RHD,Rh (RHD),RHD,chr1,plus,004,c.148+5G>C,"DEL, clinically documented",,Intron 1 donor +5,RHD-NC-049,IVS1+5G>C,Near-Splice Intronic,SNV,chr1:25272700 G>C,N/A,G,C,RHD*01EL.21 (RHD*DEL21),"c.148+5G>C lies at position +5 of the intron 1 donor site (ISBT RHD*DEL21), associated with a DEL phenotype. Raud et al. 2019 assayed it in their minigene system and found NO alteration of splicing of the exon of interest (scored - in their Table 1, and shown unchanged in their Figure 2A); it is one of the 6 of 17 variants they did not classify as splice-site variants. The previous wording here ('alters splicing efficiency; reduces normal transcript production significantly but permits a trace amount of correctly spliced transcript') is not supported by that assay. The DEL phenotype report is Raud's reference 17; East Asian DEL cohort sequencing (Wang et al. 2021) is a separate, consistent observation. AlphaGenome splicing 2.49; SpliceAI 0.31.",Clinical + Functional (serology and in-vitro assay),N/A (serology/sequencing only),Australian D-negative,~2.4×10⁻⁶ (exome),0,0,Not available,NOT FEASIBLE,NOT FEASIBLE,N/A: transversion G→C (confirmed prior assessment),N/A,2013,"Raud et al. 2019 (minigene splicing assay, Table 1 and Figure 2A - no alteration of splicing) PMID: 30811032 DOI: 10.1111/trf.15210 | DEL phenotype cohorts: Wang et al. 2021 / East Asian DEL cohorts Allele designations: RHD*01EL.08, RHD*DEL21",https://pubmed.ncbi.nlm.nih.gov/30811032/,CORRECTED: ref Fichou→Scott 2014,https://gnomad.broadinstitute.org/variant/1-25272700-G-C?dataset=gnomad_r4
RHD,Rh (RHD),RHD,chr1,plus,004,c.486+3G>C,"Weak D. Reported by Ye et al. 2013 as one of four novel weak D alleles caused by intronic mutations in the Chinese population; recorded as ""Weakened"" in Fichou et al. 2015 Table 1",,Intron 3 donor +3,RHD-NC-050,IVS3+3G>C,Near-Splice Intronic,SNV,chr1:25290794 G>C,rs1187956199,G,C,N/A,"RHD c.486+3G>C is a G-to-C substitution at the +3 position of the donor splice site of intron 3. A minigene splicing assay in HEK293 cells showed weakening of the near-canonical donor dinucleotide, resulting in reduced normal transcripts and predicted Weak D phenotype. Serologic confirmation of the phenotype is not documented; the association is based on functional assay prediction only.",Clinical + Functional (serology and in-vitro assay),HEK293 cells (ATCC CRL-1573; minigene splicing assay),Various,~8.0×10⁻⁷ (exome),0,0,Not available,NOT FEASIBLE,NOT FEASIBLE,N/A: transversion G→C,N/A,2008,"Fichou Y, Gehannin P, Corre M, Le Guern A, Le Marechal C, Le Gac G, Ferec C. Extensive functional analyses of RHD splice site variants: insights into the potential role of splicing in the physiology of Rh. Transfusion. 2015;55(6 Pt 2):1432-1443. doi:10.1111/trf.13083. PMID 25808592; Ye L, He Y, Gao H, Xie J, Zeng J, Malomgre W, Shao C, Zhou D, Zhu Z. Weak D phenotypes caused by intronic mutations in the RHD gene: four novel weak D alleles identified in the Chinese population. Transfusion. 2013;53(8):1829-1833. doi:10.1111/trf.12005",https://pubmed.ncbi.nlm.nih.gov/25808592/,LIKELY VALID,https://gnomad.broadinstitute.org/variant/1-25290794-G-C?dataset=gnomad_r4
RHD,Rh (RHD),RHD,chr1,plus,004,c.486+5G>A,"Weak D (Fichou 2015 Table 1 records ""Weakened"")",,Intron 3 donor +5,RHD-NC-051,IVS3+5G>A,Near-Splice Intronic,SNV,chr1:25290796 G>A,N/A,G,A,N/A,"c.486+5G>A is a G-to-A substitution 5 nucleotides downstream of the exon 4 donor splice site in RHD. The variant was assessed by minigene splicing assay in HEK293 cells (Fichou et al. 2015), which demonstrated reduced full-length transcript inclusion. A serologic phenotype of Weak D was reported in association with this variant. The variant is absent from gnomAD v4.",Clinical + Functional (serology and in-vitro assay),N/A (serology/sequencing only),Various,N/A (not in gnomAD),N/A,N/A,Not available,MEDIUM,NOT FEASIBLE,Guide design needed (CBE rev strand; G at 25290796),Unknown: sequence lookup needed,2007,"Fichou Y, Le Marechal C, Bryckaert L, Guerry C, Benech C, Dupont I, Jamet D, Ferec C, Chen JM. Extensive functional analyses of RHD splice site variants: insights into the potential role of splicing in the physiology of Rh. Transfusion. 2015;55(6 Pt 2):1432-1443. doi:10.1111/trf.13083. PMID 25808592; Le Marechal C, Guerry C, Benech C, Burlot L, Cavelier B, Porra V, Muller JY, Ferec C, Chen JM. Identification of 12 novel RHD alleles in western France by denaturing high-performance liquid chromatography analysis. Transfusion. 2007;47(5):858-863. doi:10.1111/j.1537-2995.2007.01199.x",https://pubmed.ncbi.nlm.nih.gov/25808592/,LIKELY VALID,
RHD,Rh (RHD),RHD,chr1,plus,004,c.487-3C>G,"D typing weak and variable by automated testing; patient managed as D-negative. 53-year-old Mexican American female, RHD*01(487-3G) in trans to RHD*DAR1.2",,Intron 3 acceptor -3,RHD-NC-052,IVS3-3G>A,Near-Splice Intronic,SNV,chr1:25300943 C>G,rs746498767,C,G,RHD*01(487-3G) (novel 2024),The variant c.487-3C>G is a novel intronic substitution 3 nucleotides upstream of the splice acceptor at intron 3 of RHD. It was identified in a compound heterozygous state with DAR1.2 in a D-negative individual. The variant was detected by sequence analysis but serologic confirmation of the D-negative phenotype was not documented; the association rests on prediction rather than functional validation. No independent clinical reports or in vitro assays are available.,Clinical / Serological,N/A (serology/sequencing only),N/A,"1.07×10⁻⁴ (Admixed American); 4.35×10⁻⁶ (overall), gnomAD v4.1.0",N/A,N/A,Not available,NOT ASSESSABLE,NOT ASSESSABLE,N/A: variant updated; base-editing feasibility not yet re-assessed,N/A,2024,"Cezar-Schmidt A, Jean J, Lee P, Vege S, Westhoff CM, Hudgins JP. A splice site variant defining the novel RHD*01(487-3G) allele in trans to RHD*DAR1.2. Transfusion. 2025;65(1):E4-E6. doi:10.1111/trf.18057. PMID 39529456. PMC11747121",https://pubmed.ncbi.nlm.nih.gov/39529456/,VERIFIED,https://gnomad.broadinstitute.org/variant/1-25300943-C-G?dataset=gnomad_r4
RHD,Rh (RHD),RHD,chr1,plus,004,c.634+5G>T,"DEL or weakened D, clinically documented",,Intron 4 donor +5,RHD-NC-053,IVS4+5G>T,Near-Splice Intronic,SNV,chr1:25301098 G>T,N/A,G,T,RHD*01EL.14 (RHD*DEL14),"The variant c.634+5G>T lies at nucleotide position +5 of the intron immediately following exon 6 of RHD, in the splice-region zone flanking the canonical donor dinucleotide. Fichou et al. 2015 reported serologically confirmed DEL or weakened D phenotype in a clinically documented case. In-vitro validation was performed using a minigene splicing assay in HEK293 cells, which demonstrated disrupted splicing and high exon inclusion (+++). The variant was assigned the allele designation RHD*01EL.14 in RhesusBase. The variant is absent from gnomAD v4.",Clinical + Functional (serology and in-vitro assay),Not specified (serology + sequencing only; bioinformatics),Chinese,N/A (not in gnomAD),N/A,N/A,Not available,NOT FEASIBLE,NOT FEASIBLE,N/A: transversion G→T,N/A,2010,Fichou et al. 2015 Allele designations: RHD*01EL.14,http://www.rhesusbase.info,LIKELY VALID,
RHD,Rh (RHD),RHD,chr1,plus,004,c.634+5G>A,"Weak D, clinically documented",,Intron 4 donor +5,RHD-NC-054,IVS4+5G>A,Near-Splice Intronic,SNV,chr1:25301098 G>A,N/A,G,A,N/A,"The variant c.634+5G>A occupies position +5 of the intron 4 donor splice site, a canonical splice-region location. Fichou et al. 2015 performed a minigene splicing assay in HEK293 cells and observed disrupted splicing with weak exon inclusion and absence of null exon inclusion. Serologic testing confirmed a Weak D phenotype in a clinically documented patient. The variant is absent from gnomAD v4.",Clinical + Functional (serology and in-vitro assay),Not specified (serology + sequencing + bioinformatics; Ye/Liu 2013),Chinese,N/A (not in gnomAD),N/A,N/A,Not available,MEDIUM,NOT FEASIBLE,CORRECTED: G→A at IVS4+5 IS CBE-feasible via minus-strand guide. Guide design needed. Prior NOT FEASIBLE was incorrect.,Unknown: sequence lookup needed,2009,Fichou et al. 2015,https://pubmed.ncbi.nlm.nih.gov/23216299/,CORRECTED: ref Liu→Ye 2013,
RHD,Rh (RHD),RHD,chr1,plus,004,c.939+3A>C,Weak partial D. One donor with a weak D phenotype whose cells lacked one D-epitope,,Intron 6 donor +3,RHD-NC-055,IVS6+3A>C,Near-Splice Intronic,SNV,chr1:25303462 A>C,N/A,A,C,RHD*c.939+3A>C,"RHD*c.939+3A>C is a novel intronic variant identified in a single Australian blood donor with a weak D phenotype during a survey of 100 weak-D donors (McGowan EC et al., Vox Sanguinis 2017; PMID 28220510). D-epitope profiling demonstrated loss of one D-epitope, consistent with a weak partial D classification. The variant occurs at position +3 within the invariant donor GT dinucleotide of the splice junction at intron 6 of the RHD gene. No in-vitro functional assay or minigene splicing study has been published.",Clinical / Serological,N/A (in silico only),N/A,N/A (not in gnomAD),N/A,N/A,Not available,NOT FEASIBLE,NOT FEASIBLE,N/A: transversion A→C,N/A,2017,"RhesusBase; McGowan EC et al., Vox Sanguinis 2017, ""Diverse and novel RHD variants in Australian blood donors with a weak D phenotype"" (PMID 28220510; doi 10.1111/vox.12488) Allele designations: RHD*c.939+3A>C DOI: 10.1111/vox.12488",https://pubmed.ncbi.nlm.nih.gov/28220510/,LIKELY VALID,
RHD,Rh (RHD),RHD,chr1,plus,004,c.940-4A>C,"Weak D, tested experimentally",,Intron 6 acceptor -4,RHD-NC-056,IVS6-4A>C,Near-Splice Intronic,SNV,chr1:25306592 A>C,N/A,A,C,N/A,"The c.940-4A>C variant is located 4 nucleotides upstream of the splice acceptor at intron 6, classifying it within the splice region. A minigene splicing assay in HEK293 cells showed no splicing disruption and high exon inclusion (+++), indicating normal splicing behavior. The variant was identified in a donor with a Weak D phenotype.",Clinical + Functional (serology and in-vitro assay),HEK293 cells (ATCC CRL-1573; minigene splicing assay),Various,N/A (not in gnomAD),N/A,N/A,Not available,NOT FEASIBLE,NOT FEASIBLE,N/A: transversion A→C,N/A,2012,Fichou et al. 2015,https://pubmed.ncbi.nlm.nih.gov/25808592/,LIKELY VALID,
RHD,Rh (RHD),RHD,chr1,plus,004,c.1153+6T>C,Weak D,,Intron 8 donor +6,RHD-NC-079,IVS8+6T>C,Near-Splice Intronic,SNV,chr1:25317085 T>C,N/A,T,C,N/A,"RHD c.1153+6T>C (IVS8+6T>C) lies at position +6 of the intron 8 donor splice site. Thongbut et al. 2019 found the variant in 1 of 129 donors with a weak D phenotype and, in a minigene splicing assay, observed significant exon 8 exclusion, although full-length mature transcript was still the predominant product alongside a shorter, exon-skipped transcript. A newer manuscript by Dall'Osso et al. (Haematologica) reports a conflicting minigene result: only the shorter transcript was detected, with no full-length mature mRNA. The variant is therefore documented in multiple independent weak D cases, and both in-vitro assays show aberrant splicing, but they disagree on how severe the defect is. The reference base is given as N in RHeference (RHef00616); T was used, as reported by Thongbut 2019. Absent from gnomAD v4.",Clinical + Functional (serology and in-vitro assay),HEK293 cells (ATCC CRL-1573; minigene splicing assay),Various,N/A (not in gnomAD),N/A,N/A,Not available,NOT FEASIBLE,MEDIUM,CORRECTED: T→C on + strand = A→G on − strand = ABE minus-strand target. Guide design needed. Prior NOT FEASIBLE was incorrect.,Unknown: sequence lookup needed,2012,"Pereira J, Rodrigues MJ, Chabert T, Ribeiro ML. Novel human pathological mutations. Gene symbol: RHD. Disease: reduced expression (weak D). Thongbut et al. 2019 (minigene; 1/129 weak D donors) PMID 32110194; Dall'Osso et al., Haematologica (conflicting minigene); RHeference RHef00616",https://pubmed.ncbi.nlm.nih.gov/32110194/,LIKELY VALID,
RHD,Rh (RHD),RHD,chr1,plus,004,c.1154-8T>A,"DEL or weakened D, clinically documented",,Intron 8 polypyrimidine tract,RHD-NC-058,IVS8-8T>A,Near-Splice Intronic,SNV,chr1:25321881 T>A,N/A,T,A,RHD*01EL.20 (RHD*DEL20),"The variant c.1154-8T>A is located 8 nucleotides upstream of the intron 8 acceptor site in RHD. Fichou et al. 2015 evaluated splicing using a minigene assay in HEK293 cells and observed disrupted splicing with moderate exon inclusion. The variant was associated with a serologically confirmed phenotype of DEL or weakened D antigen, clinically documented in affected individuals.",Clinical + Functional (serology and in-vitro assay),HEK293 cells (ATCC CRL-1573; minigene splicing assay),Various,N/A (not in gnomAD),N/A,N/A,Not available,NOT FEASIBLE,NOT FEASIBLE,N/A: transversion T→A,N/A,2007,Fichou et al. 2015,https://pubmed.ncbi.nlm.nih.gov/25808592/,LIKELY VALID,
RHD,Rh (RHD),RHD,chr1,plus,004,c.1227+5G>C,"Weak D or DEL-like, clinically documented",,Intron 9 donor +5,RHD-NC-059,IVS9+5G>C,Near-Splice Intronic,SNV,chr1:25321967 G>C,N/A,G,C,RHD*1227+5G>C,"c.1227+5G>C lies at position +5 of the intron 9 donor site (novel allele RHD*1227+5G>C, GenBank MK749427). Wen et al. 2023 identified it in ONE sample (their Table 1; RhCE C+c+E+e+) within a population study of 253 D-variant samples, and assayed it in an in-vitro minigene splicing assay: it induced major skipping of exon 9, reducing D antigen expression. Both the patient count and the functional mechanism are given in the paper. Heterologous in-vitro support is established.",Clinical + Functional (serology and in-vitro assay),N/A (serology/sequencing only),Chinese,N/A (not in gnomAD),N/A,N/A,Not available,NOT FEASIBLE,NOT FEASIBLE,N/A: transversion G→C,N/A,2019,"Wen et al., Transfusion 2023;63:400-410 (Table 1; in-vitro minigene splicing assay, Figure S1B) PMID: 36382965 DOI: 10.1111/trf.17186 GenBank: MK749427 Allele designations: RHD*1227+5G>C",https://pubmed.ncbi.nlm.nih.gov/36382965/,CORRECTED: ref Lin→Wen 2023,
RHD,Rh (RHD),RHD,chr1,plus,004,c.149-29G>C,No serology on record (in silico prediction only),,"Intron 1, near branch point",RHD-NC-060,IVS1-29G>C (rs2301153),Deep Intronic,SNV,chr1:25284544 G>C,rs2301153,G,C,RHD*01EL.32,"RHD c.149-29G>C lies 29 nucleotides into intron 1. It is common in the general population, with a gnomAD allele frequency of approximately 60%, and is recorded as a benign polymorphism whose proposed role as a cause of DEL has been disputed in the literature. Both AlphaGenome modules and SpliceAI score it well below their call thresholds.",In silico / unvalidated,N/A (serology/sequencing only),Various,⚠️ COMMON: 6.00×10⁻¹,2.33×10⁻¹,7.60×10⁻¹,Very high,NOT FEASIBLE,NOT FEASIBLE,N/A: transversion G→C,N/A,2005,Kim et al. 2021 PMID: 33719044,https://pubmed.ncbi.nlm.nih.gov/33719044/,VERIFIED,https://gnomad.broadinstitute.org/variant/1-25284544-G-C?dataset=gnomad_r4
RHD,Rh (RHD),RHD,chr1,plus,004,c.149-682C>A,D negative,,"Intron 1, deep",RHD-NC-061,N/A,Deep Intronic,SNV,chr1:25283891 C>A,N/A,C,A,N/A,"The variant c.149-682C>A is a deep intronic SNV in RHD identified in El Wafi et al. 2017 through in silico analysis. No serological data are on record. In silico prediction tools predicted no effect on splicing; AlphaGenome splicing score is 0.016 and SpliceAI score is 0.01, both indicating minimal predicted impact. The variant has not been functionally validated in vitro and is not present in gnomAD v4.",Clinical / Serological,N/A (in silico only),Moroccan,N/A (not in gnomAD),N/A,N/A,Not available,NOT FEASIBLE,NOT FEASIBLE,N/A: transversion C→A,N/A,2017,El Wafi et al. 2017 PMID: 28960314,https://pubmed.ncbi.nlm.nih.gov/28960314/,LIKELY VALID,
RHD,Rh (RHD),RHD,chr1,plus,004,c.149-2632T>A,"Very weak D, clinically documented",,"Intron 1, 2632 bp upstream of exon 2",RHD-NC-062,N/A,Deep Intronic,SNV,chr1:25281941 T>A,rs1318615335,T,A,N/A,"c.149-2632T>A is a deep intronic change in intron 1, reported in one patient with a very weak D phenotype (Floch et al. 2022, Transfusion 62:E14-E16). CONFIRMED FROM THE PRIMARY TEXT (Results, 7 Sep 2026). Serology: RBCs typed D-negative by immediate spin but weakly positive (1+ to 2+) by indirect antiglobulin test with all anti-D tested; monoclonal anti-D in the RhD Variant Investigation Kit were reactive at 1+ to 2+ except LHM174/102 and LDM1, which were non-reactive; C+E-c+e+ with no reduced reactivity; direct antiglobulin test negative. Genetics: the sample was hemizygous for RHD, and exon-specific amplification and sequencing of RHD, RHCE and RHAG found no changes from conventional. Mechanism: RHD cDNA analysis from the patient found ONLY transcripts carrying an 80-bp intron 1 sequence inserted between the exon 1 and exon 2 sequences (RHD c.149-2624_2704, i.e. 2624-2704 bp upstream of exon 2) - a pseudo-exon inclusion. The T>A change lies 9 bp into that insert and likely promotes the aberrant splice site; it was confirmed by amplification and Sanger sequencing of 370 bp of RHD intron 1 from genomic DNA. The resulting transcript contains a premature stop codon 30-32 bp into the insert. Evidence is therefore patient-derived transcript characterisation in a single case, with NO heterologous functional assay (no minigene or reporter), which meets neither Tier 1 route. Absent from gnomAD v4. AlphaGenome splicing 0.966; SpliceAI 0.14.",Clinical / Serological,N/A (serology/sequencing only),European,N/A (not in gnomAD),N/A,N/A,Not available,NOT FEASIBLE,NOT FEASIBLE,N/A: transversion T→A,N/A,2022,"Floch et al., Transfusion 2022;62:E14-E16 (Results section confirmed against the primary text, 7 Sep 2026: patient RHD cDNA analysis, 80-bp intron 1 pseudo-exon insertion, no heterologous assay) PMID: 34936100 DOI: 10.1111/trf.16774",https://pubmed.ncbi.nlm.nih.gov/34936100/,VERIFIED,
RHD,Rh (RHD),RHD,chr1,plus,004,c.487-256T>G,D negative,,"Intron 3, deep",RHD-NC-063,N/A,Deep Intronic,SNV,chr1:25300690 T>G,N/A,T,G,N/A,The variant c.487-256T>G is a deep intronic substitution predicted to disrupt RHD splicing. In silico analysis by El Wafi et al. (2017) suggested aberrant splicing leading to a D-negative phenotype. No serologic confirmation on record; no functional assay data; no patient counts reported.,Clinical / Serological,N/A (in silico only),Moroccan,N/A (not in gnomAD),N/A,N/A,Not available,NOT FEASIBLE,NOT FEASIBLE,N/A: transversion T→G,N/A,2017,El Wafi et al. 2017 PMID: 28960314,https://pubmed.ncbi.nlm.nih.gov/28960314/,LIKELY VALID,
RHD,Rh (RHD),RHD,chr1,plus,004,c.487-1024delG,D negative,,"Intron 3, deep",RHD-NC-064,N/A,Deep Intronic,Small Deletion (indel),chr1:25299922 G>del,N/A,G,del,N/A,The variant c.487-1024delG is a deep intronic deletion located 1024 nucleotides upstream of the canonical acceptor site at intron 3. Donor was serologically tested D negative,Clinical / Serological,N/A (in silico only),Moroccan,N/A (not in gnomAD),N/A,N/A,Not available,N/A,N/A,N/A: deletion,N/A,2017,El Wafi et al. 2017 PMID: 28960314,https://pubmed.ncbi.nlm.nih.gov/28960314/,LIKELY VALID,
RHD,Rh (RHD),RHD,chr1,plus,004,c.802-41_802-38del,DEL by adsorption-elution in the original report (Wagner 2005); the donor unit immunised a D-negative recipient who formed alloanti-D. Subsequently reclassified as a common polymorphism with no splicing effect,,"Intron 5, deep",RHD-NC-077,IVS5-38del4; Full allele RHD*01N.58 includes co-change c.1157T>A,Deep Intronic,Small Deletion (indel),chr1:25303281_25303284del,N/A,CTCT,del,RHD*01EL.35,"RHD-NC-077 is a 4-bp deletion in intron 5 of the RHD gene, positioned at c.802-41_802-38del (GRCh38: chr1:25303281_25303284). The variant was historically designated RHD*01EL.35 or RHD*DEL35 in the ISBT nomenclature but is recorded as obsolete in Rheference (RHef00193), which notes no effect on splicing. Wagner et al. (2005) reported serologically confirmed phenotypes in multiple carriers, with inconsistent results: D-positive, DEL, and D-negative phenotypes were all observed in different individuals carrying this deletion. The variant is common in gnomAD v4 (allele frequency 0.8848 in exome data).",Clinical / Serological,N/A (serology/sequencing only),Various,8.848×10⁻¹ (exome) — major allele at this position,N/A,N/A,Not available,N/A,N/A,N/A: deletion (4 bp),N/A,2012,"Wagner T, Kormoczi GF, Buchta C, Vadon M, Lanzer G, Mayr WR, Legler TJ. Anti-D immunization by DEL red blood cells. Transfusion. 2005;45(4):520-526. doi:10.1111/j.0041-1132.2005.04256.x. PMID 15819672; Rheference allele record RHef00193 (RHD*01EL.35 / RHD*DEL35, listed obsolete, no effect on splicing); ISBT Names for RHD (ISBT 004) Blood Group Alleles v6.4",https://pubmed.ncbi.nlm.nih.gov/15819672/,CORRECTED: duplicate NC-066 removed; co-change note added,
RHD,Rh (RHD),RHD,chr1,plus,004,c.802-37delA,D negative,,"Intron 5, deep",RHD-NC-067,N/A,Deep Intronic,Small Deletion (indel),chr1:25303285 A>del,N/A,A,del,N/A,"RHD c.802-37delA is a single-base deletion 37 nucleotides into intron 5, reported by El Wafi et al. 2017 (Vox Sang 112:796-802) among Moroccan blood donors who were serologically D-negative. The study screened by PCR-SSP and targeted next-generation sequencing. The effect on splicing was assessed with alamut software: the paper states that ""Mutations' impact on mRNA splicing was predicted using alamut"", and reports this variant as having no effect on splicing compared with wild type. No experimental splicing assay was performed.",Clinical / Serological,N/A (in silico only),Moroccan,N/A (not in gnomAD),N/A,N/A,Not available,N/A,N/A,N/A: deletion (1 bp),N/A,2017,El Wafi et al. 2017 PMID: 28960314,https://pubmed.ncbi.nlm.nih.gov/28960314/,LIKELY VALID,
RHD,Rh (RHD),RHD,chr1,plus,004,c.940-14delTAA,weak D,,"Intron 6, near acceptor",RHD-ADD-011,IVS6-14del3,Near-Splice Intronic,Small Deletion (indel),chr1:25306580_25306582del,N/A,TAA,del,N/A,"A 3-bp deletion in intron 6, upstream of the splice acceptor. Ye et al. (2013) identified it as one of four novel weak-D-associated intronic alleles in a Chinese cohort; the paper reports the clinical weak D phenotype but the underlying functional/splicing mechanism for this particular deletion was not independently assayed, supporting Tier 2. gnomAD frequency not queried.",Clinical / Serological,Not specified (serology + sequencing; Ye/Liu 2013),N/A,N/A (not in gnomAD),N/A,N/A,Not available,N/A,N/A,N/A: deletion (3 bp),N/A,2013,Ye et al. Weak D phenotypes caused by intronic mutations in the RHD gene: four novel weak D alleles identified in the Chinese population. Transfusion. 2013. doi:10.1111/trf.12002. PMID 23216299,https://pubmed.ncbi.nlm.nih.gov/23216299/,VERIFIED,
RHD,Rh (RHD),RHD,chr1,plus,004,c.940-187_940-188del,D negative,,"Intron 6, deep",RHD-NC-069,N/A,Deep Intronic,Small Deletion (indel),chr1:25306408_25306409del,N/A,N/A,del,N/A,"The variant c.940-187_940-188del is a two-nucleotide deletion in deep intronic sequence of RHD, reported by El Wafi et al. 2017. In silico prediction methods suggested aberrant splicing and a predicted D-negative phenotype.  Donor was serologically tested D negative. The variant is absent from gnomAD v4.",Clinical / Serological,N/A (in silico only),Moroccan,N/A (not in gnomAD),N/A,N/A,Not available,N/A,N/A,N/A: deletion (2 bp),N/A,2017,El Wafi et al. 2017 PMID: 28960314,https://pubmed.ncbi.nlm.nih.gov/28960314/,LIKELY VALID,
RHD,Rh (RHD),RHD,chr1,plus,004,c.939+1151dup,D negative,,"Intron 6, deep",RHD-NC-070,N/A,Deep Intronic,Intronic Duplication,chr1:25304610dup,N/A,N/A,dup,N/A,"RHD c.939+1151dup is a duplication deep within intron 6, reported by El Wafi et al. 2017 (Vox Sang 112:796-802) in the same Moroccan D-negative donor cohort. Donor was serologically tested D negative (although alamut in silico prediction negative)",Clinical / Serological,N/A (in silico only),Moroccan,N/A (not in gnomAD),N/A,N/A,Not available,N/A,N/A,N/A: intronic duplication,N/A,2017,El Wafi et al. 2017 PMID: 28960314,https://pubmed.ncbi.nlm.nih.gov/28960314/,LIKELY VALID,
RHD,Rh (RHD),RHD,chr1,plus,004,c.1073+152C>A,"DEL in 1 Chinese individual, on an allele that also carries the common DEL-causing exonic change c.1227G>A (Shao 2002); no carrier of the intron 7 variant alone",,"Intron 7, deep (+152)",RHD-NC-071,IVS7+152C>A,Deep Intronic,SNV,chr1:25306881 C>A,rs41307824,C,A,RHD*01EL.36 (compound only),"RHD c.1073+152C>A is a deep intronic change in intron 7 with a gnomAD allele frequency of approximately 1.24%. The record states that an effect on phenotype has been proposed but never demonstrated, and that the variant most likely does not affect the phenotype. Both prediction tools score it near zero.",Allele reported; phenotype attributed to another change on the same allele,N/A (serology/sequencing only),Various,⚠️ COMMON: 1.24×10⁻²,2.52×10⁻²,4.74×10⁻³,~6.2×10⁻³ (exome),NOT FEASIBLE,NOT FEASIBLE,N/A: transversion C→A,N/A,2008,"Shao CP, Maas JH, Su YQ, Kohler M, Legler TJ. Molecular background of Rh D-positive, D-negative, Del and weak D phenotypes in Chinese. Vox Sang. 2002;83(2):156-161. doi:10.1046/j.1423-0410.2002.00192.x (Table 2, allele ""RHD 1227A IVS7+152A"", GenBank AF390110/AF390111, 1 Del individual); Ye SH, Li DZ, Li BC, Liu Y, Zhang W, Wang HT, Yang Y, Han S, Zhang JJ. A comprehensive investigation of RHD polymorphisms in the Chinese Han population in Xi'an. Blood Transfus. 2014;12(3):396-404. doi:10.2450/2013.0121-13 (allele 19, RHD*DEL1 1227A + IVS7+152A)",https://doi.org/10.1046/j.1423-0410.2002.00192.x,LIKELY VALID,https://gnomad.broadinstitute.org/variant/1-25306881-C-A?dataset=gnomad_r4
RHD,Rh (RHD),RHD,chr1,plus,004,c.1073+923C>T,Haplotype marker,,"Intron 7, deep (+923)",RHD-NC-072-test,IVS7+923C>T,Deep Intronic,SNV,chr1:25307652 C>T,rs1337868434,C,T,N/A,Deep intronic haplotype marker,In silico / Not validated,N/A (in silico only),N/A,N/A (not in gnomAD),N/A,N/A,Not available,MEDIUM,NOT FEASIBLE,Guide design needed (CBE fwd strand; C→T at chr1:25307652),Unknown: sequence lookup needed,2010,RhesusBase,http://www.rhesusbase.info,LIKELY VALID,
RHD,Rh (RHD),RHD,chr1,plus,004,c.1154-31T>C,"Wild type. Normal D antigen expression from the allele carrying c.1154-31T>C. In the Rui et al. 2023 index donor, genotype RHD(c.845G>A)/RHD(c.149-29G>C, c.1154-31T>C) typed 4+ by gel and 3+ by tube with human monoclonal anti-D; the weak D phenotype was attributable to c.845G>A on the other allele, while the allele carrying c.1154-31T>C encoded normal D antigen.",,"Intron 8, deep",RHD-NC-073,IVS8-31C>T (rs28669938),Deep Intronic,SNV,chr1:25321858 T>C,rs28669938,T,C,RHD*01EL.37,"The reference base at c.1154-31 is T, so the correct notation is c.1154-31T>C. Rui et al. 2023 established this from the locus reference genomic sequence NG_007494.1 for RHD blood group alleles, finding T rather than C at this locus, and noted that other authors had already presented the variation as c.1154-31T>C. The ISBT designation RHD*01EL.37, which lists the variant as c.1154-31C>T among the alleles held responsible for DEL phenotypes, therefore rests on an inverted reference orientation. Several independent lines of evidence show no effect on D antigen expression from this position alone. Fichou et al. 2015 carried out extensive functional analyses of RHD splice site variants and found that c.1154-31T>C alone had no functional impact on splicing, with no documented phenotype. Costes et al. 2017 found by next generation sequencing that the variant is always associated in cis with the missense mutation c.1154G>C on the RHD weak type 2 allele and is in linkage disequilibrium with it, that it can be found alone on the RHD gene as a neutral polymorphism, and that the independent site demonstrates a neutral effect on phenotype whether it carries C or T. Bub et al. 2017 associated weak D expression with c.1154G>C, c.1154-8T>A and c.1154-31T>C acting together rather than with the intronic change by itself. In the index case of Rui et al. 2023, a donor with the genotype RHD(c.845G>A)/RHD(c.149-29G>C, c.1154-31T>C) typed 4+ by gel and 3+ by tube with human monoclonal anti-D, confirmed by family study and PacBio sequencing; the weak D antigen was encoded by c.845G>A on one allele while the allele carrying c.1154-31T>C encoded normal D antigen. The population frequency is out of proportion to the phenotype, at 22.3% by the LOVD3 platform (2577 of 11562) against a DEL phenotype frequency of roughly 0.15% in East Asian populations. The parallel case of c.149-29G>C, formerly RHD*01EL.32, was similarly shown not to cause a DEL phenotype by Kim et al. 2021.",Clinical + Functional (serology and in-vitro assay),N/A (serology/sequencing only),Various,2.474×10⁻¹ (exome),1.75×10⁻¹,2.48×10⁻¹,~2.47×10⁻¹ (exome),NOT ASSESSABLE,NOT ASSESSABLE,N/A: variant updated; base-editing feasibility not yet re-assessed,N/A,2008,"Rui et al. 2023, Vox Sanguinis 118:337-338 (DOI 10.1111/vox.13412) Allele designations: RHD*01EL.37 DOI: 10.1111/vox.13412",https://onlinelibrary.wiley.com/doi/10.1111/vox.13412,LIKELY VALID,https://gnomad.broadinstitute.org/variant/1-25321858-T-C?dataset=gnomad_r4
RHD,Rh (RHD),RHD,chr1,plus,004,c.335+330G>A,No reduced-D phenotype in any carrier. R2 (DcE) haplotype marker present in serologically D-positive donors; not found as the cause in any of 13 weak D / DEL / D-negative samples with normal RHD exons,,"Intron 2, open chromatin / GATA1 motif enhancer",RHD-NC-074,Intron 2 GATA1 enhancer,Deep Intronic,SNV,chr1:25285089 G>A,rs675072,G,A,N/A,"rs675072 G>A (chr1:25285089, RHD intron 2) is one of 23 intronic SNPs homozygous in every R2 (DcE) haplotype sample in Tounsi et al. 2018 (Blood Adv 2:2713-2723), where it serves as a haplotype marker used to establish reference RHD alleles in serologically D-positive donors. Its functional characterisation comes from McGowan et al. 2024 (Transfus Med Hemother 51:252-264), which placed the intron 2 open-chromatin region into a luciferase reporter in HEL cells: with rs675072A transcriptional activity rose to 242% forward and 146% reverse of the RHD promoter alone, whereas rs675072G gave only minor differences (118% forward, 77% reverse), an approximately 2-fold ENHANCEMENT for the A allele. The same study screened 13 weak D, DEL or D-negative samples with normal RHD exons; GATA1 motifs were intact in 12 of 13 and rs675072 was not the cause in any of them. The one variant attributable to a phenotype was a different change, c.1-110A>C, in a DEL sample.",Clinical + Functional (serology and in-vitro assay),HEL cells (luciferase reporter with 617-bp intron 2 insert + RHD promoter in pGL3-basic),Various,N/A (not in gnomAD),N/A,N/A,Not available,MEDIUM,NOT FEASIBLE,Guide design needed (CBE rev strand; G at 25285089; rs675072 G>A in GATA1 enhancer region),Unknown: sequence lookup needed,2018,"Tounsi WA, Madgett TE, Avent ND. Complete RHD next-generation sequencing: establishment of reference RHD alleles. Blood Adv. 2018;2(20):2713-2723. doi:10.1182/bloodadvances.2018017871. PMID 30333099. PMC6199663; McGowan EC, Wu PC, Hellberg A, Lopez GH, Hyland CA, Olsson ML. A bioinformatically initiated approach to evaluate GATA1 regulatory regions in samples with weak D, Del, or D- phenotypes despite normal RHD exons. Transfus Med Hemother. 2024;51(4):252-264. doi:10.1159/000538469. PMID 39021419",https://pubmed.ncbi.nlm.nih.gov/30333099/,VERIFIED,
RHD,Rh (RHD),RHD,chr1,plus,004,c.*93A>G,"RhD-negative phenotype confirmed in donor by IAT, flow cytometry and adsorption/elution; complete lack of RhD protein on the red cell surface",,"3'UTR, 93 bp downstream of stop codon",RHD-NC-075,RHD(1347A>G),3'UTR,SNV,chr1:25329017 A>G,rs112146441,A,G,N/A,"The variant c.*93A>G is located in the 3' untranslated region of RHD. Rodrigues et al. 2024 identified this variant in a blood donor with an RhD-negative phenotype confirmed by indirect antiglobulin test, flow cytometry, and adsorption/elution testing; complete absence of RhD protein was demonstrated on the red cell surface. No in-vitro functional assay of the variant has been reported. The allele frequency in gnomAD v4 is 0.0171, common relative to the RhD-negative phenotype.",Clinical / Serological,N/A (serology/sequencing only),African (5.6% AFR; rare in EUR),"COMMON. gnomAD genomes ALL 1.708×10⁻²; gnomAD exomes ALL 1.87×10⁻³. Strongly ancestry-stratified: AFR 5.5-5.8×10⁻², AMR 3.2-5.9×10⁻³, NFE 5×10⁻⁵.",5.55×10⁻²,4.68×10⁻⁵,~1.87×10⁻³ (exome),NOT FEASIBLE,MEDIUM,ABE: Guide design needed (A→G direct fwd strand at 3'UTR; chr1:25329017),Unknown: sequence lookup needed,2003,Rodrigues et al. 2024,https://aob.amegroups.org/article/view/9356/html,LIKELY VALID,https://gnomad.broadinstitute.org/variant/1-25329017-A-G?dataset=gnomad_r4
RHD,Rh (RHD),RHD,chr1,plus,004,c.*6C>G,Weakened D expression,,Near 3'UTR / last exon,RHD-NC-076-test,RHD(1269G>C),3'UTR,SNV,~chr1:25328930 C>G,N/A,C,G,N/A,3'UTR/last exon variant; weakened expression,Serological + molecular,N/A (serology/sequencing only),N/A,N/A (not in gnomAD),N/A,N/A,Not available,NOT FEASIBLE,NOT FEASIBLE,N/A: transversion C→G,N/A,2012,RhesusBase,http://www.rhesusbase.info,LIKELY VALID,
RHD,Rh (RHD),RHD,chr1,plus,004,c.1227+2872_1254+1317del5405,D-negative,,Intron 9 to 3' region deletion,RHD-NC-077-test,Exon 10 region deletion,Structural/Deletion,Large Structural Deletion,~chr1:25324834–25330229 del,N/A,N/A,del,N/A,Large deletion around exon 10 region,Serological + molecular,N/A (serology/sequencing only),N/A,N/A (not in gnomAD),N/A,N/A,Not available,N/A,N/A,N/A: large structural deletion,N/A,2012,RhesusBase,http://www.rhesusbase.info,FLAGGED: manual review,
RHD,Rh (RHD),RHD,chr1,plus,004,c.1227+2108_1254+2785del,D-negative,,Intron 9 to 3'UTR deletion,RHD-NC-078-test,Intron 9/3' deletion,Structural/Deletion,Large Structural Deletion,~chr1:25324070–25331709 del,N/A,N/A,del,N/A,Large deletion intron 9 to 3' region,Serological + molecular,N/A (serology/sequencing only),N/A,N/A (not in gnomAD),N/A,N/A,Not available,N/A,N/A,N/A: large structural deletion,N/A,2012,RhesusBase,http://www.rhesusbase.info,FLAGGED: manual review,
RHD,Rh (RHD),RHD,chr1,plus,004,c.336-1G>C,D-negative,,N/A,RHD-ADD-001,N/A,Splice Site - Acceptor (canonical),SNV,chr1:25290640 G>C,N/A,G,C,N/A,The variant disrupts the canonical AG splice-acceptor dinucleotide of intron 2. Jia et al. (2025) identified it computationally and functionally in a Chinese cohort screen for splicing-disruptive RHD variants; a second Thai-donor survey (Thongbut et al. 2021) is  linked as a concrete serological example. Not observed in gnomAD v4 (absence does not imply AF=0).,Clinical + Functional (serology and in-vitro assay),N/A,N/A,N/A (not in gnomAD),N/A,N/A,Not available,,,N/A,N/A,2021,Jia et al. Combining computational approaches and functional analysis for characterizing the deleterious effect of RHD gene variants on splicing in the Chinese population. Transfusion. 2025. doi:10.1111/trf.18316. PMID 40542502; Thongbut et al. Nation-wide investigation of RHD variants in Thai blood donors: Impact for molecular diagnostics. Transfusion. 2021. doi:10.1111/trf.16242,https://pubmed.ncbi.nlm.nih.gov/40542502/,,
RHD,Rh (RHD),RHD,chr1,plus,004,c.801+2T>G,Chinese candidate set; variant-specific clinical samples not independently verified,,N/A,RHD-ADD-002,N/A,Splice Site - Donor (canonical),SNV,chr1:25301688 T>G,N/A,T,G,N/A,"This substitution falls at the canonical +2 donor position of intron 5. Reported by Jia et al. (2025) in their Chinese-population screen of RHD splicing variants, with functional evidence of splice disruption but no independently verified clinical/serologic sample tied to this specific allele (Tier 2). gnomAD v4 shows an extremely rare genome allele frequency (AF≈7.5×10⁻⁶; AC/AN=1/132,602).",Functional / Cell culture,N/A,N/A,"7.541×10⁻⁶ (genome), 7.254×10⁻⁷ (total), no exomes",N/A,N/A,Not available,,,N/A,N/A,2025,Jia et al. Combining computational approaches and functional analysis for characterizing the deleterious effect of RHD gene variants on splicing in the Chinese population. Transfusion. 2025. doi:10.1111/trf.18316. PMID 40542502,https://pubmed.ncbi.nlm.nih.gov/40542502/,,https://gnomad.broadinstitute.org/variant/1-25301688-T-G?dataset=gnomad_r4
RHD,Rh (RHD),RHD,chr1,plus,004,c.940-2delA,Chinese candidate set; variant-specific clinical samples not independently verified,,N/A,RHD-ADD-003,N/A,Splice Site - Acceptor (canonical),Small Deletion (indel),chr1:25306594del,N/A,N/A,del,N/A,"A single-nucleotide deletion at the canonical AG splice-acceptor site of intron 6. Identified by Jia et al. (2025) as part of the same computational/functional Chinese-cohort splicing screen as several other entries here; direct functional evidence supports splice disruption, but clinical/serologic attribution for this specific variant is not independently confirmed (Tier 2). Not observed in gnomAD v4.",Functional / Cell culture,N/A,N/A,N/A (not in gnomAD),N/A,N/A,Not available,,,N/A,N/A,2025,Jia et al. Combining computational approaches and functional analysis for characterizing the deleterious effect of RHD gene variants on splicing in the Chinese population. Transfusion. 2025. doi:10.1111/trf.18316. PMID 40542502,https://pubmed.ncbi.nlm.nih.gov/40542502/,,
RHD,Rh (RHD),RHD,chr1,plus,004,c.149-6G>A,Chinese candidate set; variant-specific clinical samples not independently verified,,N/A,RHD-ADD-004,N/A,Near-Splice Intronic,SNV,chr1:25284567 G>A,rs765244090,G,A,N/A,"Located in the splice-adjacent region of intron 1, 6 bp from the exon 1/intron 1 boundary. Reported by Jia et al. (2025) in their Chinese-population RHD splicing screen with direct functional evidence of a splicing effect; insufficient clinical attribution to assign higher than Tier 2. Low-frequency in gnomAD v4 (exome AF≈3.0×10⁻⁵, genome AF≈3.0×10⁻⁵).",Functional / Cell culture,N/A,N/A,3.03×10⁻⁵ (exome),N/A,N/A,Not available,,,N/A,N/A,2025,Jia et al. Combining computational approaches and functional analysis for characterizing the deleterious effect of RHD gene variants on splicing in the Chinese population. Transfusion. 2025. doi:10.1111/trf.18316. PMID 40542502,https://pubmed.ncbi.nlm.nih.gov/40542502/,,https://gnomad.broadinstitute.org/variant/1-25284567-G-A?dataset=gnomad_r4
RHD,Rh (RHD),RHD,chr1,plus,004,c.939+5G>T,Chinese candidate set; variant-specific clinical samples not independently verified,,N/A,RHD-ADD-005,N/A,Near-Splice Intronic,SNV,chr1:25303464 G>T,N/A,G,T,N/A,"A near-splice intron 6 variant at the +5 donor-region position. Jia et al. (2025) report functional splicing evidence for this allele in their Chinese-cohort screen, but clinical/serologic confirmation in an individual patient is lacking (Tier 2). Essentially absent from gnomAD v4 (exome AF=0, filtered AC0; genome not returned).",Functional / Cell culture,N/A,N/A,N/A (not in gnomAD),N/A,N/A,Not available,,,N/A,N/A,2025,Jia et al. Combining computational approaches and functional analysis for characterizing the deleterious effect of RHD gene variants on splicing in the Chinese population. Transfusion. 2025. doi:10.1111/trf.18316. PMID 40542502,https://pubmed.ncbi.nlm.nih.gov/40542502/,,
RHD,Rh (RHD),RHD,chr1,plus,004,c.1154-8T>G,Chinese candidate set; variant-specific clinical samples not independently verified,,N/A,RHD-ADD-006,N/A,Near-Splice Intronic,SNV,chr1:25321881 T>G,N/A,T,G,N/A,"Sits in the splice-adjacent region of intron 8, 8 bp upstream of the exon boundary. Identified with direct functional evidence by Jia et al. (2025) in the same Chinese-population splicing screen; no independently confirmed clinical phenotype yet ties to this specific allele (Tier 2). Not observed in gnomAD v4.",Functional / Cell culture,N/A,N/A,N/A (not in gnomAD),N/A,N/A,Not available,,,N/A,N/A,2025,Jia et al. Combining computational approaches and functional analysis for characterizing the deleterious effect of RHD gene variants on splicing in the Chinese population. Transfusion. 2025. doi:10.1111/trf.18316. PMID 40542502,https://pubmed.ncbi.nlm.nih.gov/40542502/,,
RHD,Rh (RHD),RHD,chr1,plus,004,c.1228-1G>C,weak D or D-negative,,N/A,RHD-ADD-007,N/A,Splice Site - Acceptor (canonical),SNV,chr1:25328897 G>C,N/A,G,C,N/A,"This variant disrupts the canonical AG acceptor site of intron 9 — the same position as the previously catalogued c.1228-1G>A, but a distinct substitution. Wu et al. (2021) reported it in a Chinese family with a Weak D/D-negative phenotype; however, functional splicing evidence specific to the G>C change (as opposed to the more extensively studied G>A allele) has not been demonstrated. Not observed in gnomAD v4.",Clinical / Serological,N/A,N/A,N/A (not in gnomAD),N/A,N/A,Not available,,,N/A,N/A,2021,Wu et al. A new RHD variant allele caused by an RHD c.1228-1G>C mutation in a Chinese family. Transfusion. 2021. doi:10.1111/trf.16510. PMID 34291823,https://pubmed.ncbi.nlm.nih.gov/34291823/,,
RHD,Rh (RHD),RHD,chr1,plus,004,c.487-2A>G,D-negative,,N/A,RHD-ADD-008,N/A,Splice Site - Acceptor (canonical),SNV,chr1:25300944 A>G,N/A,A,G,N/A,Disrupts the canonical AG splice-acceptor dinucleotide of intron 3. Zhu et al. (2024) reported this allele (also designated IVS3-2A>G) in association with a D-negative phenotype; no dedicated in-vitro functional assay of the variant itself has been published. Not observed in gnomAD v4.,Clinical / Serological,N/A,N/A,N/A (not in gnomAD),N/A,N/A,Not available,,,N/A,N/A,2024,Zhu et al. Novel RHD allele with c.487-2A>G (IVS3-2A>G) variant causing RhD negative phenotype. Transfusion. 2024. doi:10.1111/trf.17979. PMID 39095880,https://pubmed.ncbi.nlm.nih.gov/39095880/,,
RHD,Rh (RHD),RHD,chr1,plus,004,c.635-1G>A,D-negative,,N/A,RHD-ADD-009,N/A,Splice Site - Acceptor (canonical),SNV,chr1:25301519 G>A,N/A,G,A,N/A,"Disrupts the canonical AG acceptor site of intron 4. Wongso et al. (2026) identified this variant in MULTIPLE Indonesian D-negative individual and additionally provide direct transcript-level evidence — no normal exon 5-containing transcripts were detected (reported ρ=0) — supporting a genuine splicing defect alongside the clinical phenotype, consistent with the Tier 1 (clinical + direct functional evidence) call. Rare in gnomAD v4 (genome AF≈3.8×10⁻⁵; AC/AN=5/131,242).",Clinical + Functional (serology and in-vitro assay),N/A,N/A,exome not returned | genome AF=3.81×10⁻⁵; AC/AN=5/131242,N/A,N/A,Not available,,,N/A,N/A,2026,"Wongso et al. Investigating the molecular basis of the serological Rh D-negative phenotype in Indonesia: nature, frequency, and impact for diagnostics. Transfusion. 2026. doi:10.1111/trf.70276. PMID not yet indexed",https://doi.org/10.1111/trf.70276,,https://gnomad.broadinstitute.org/variant/1-25301519-G-A?dataset=gnomad_r4
RHD,Rh (RHD),RHD,chr1,plus,004,c.634+2delT,D-negative,,N/A,RHD-ADD-010,N/A,Splice Site - Donor (canonical),Small Deletion (indel),chr1:25301095del,N/A,N/A,del,N/A,A single-nucleotide deletion at the canonical +2 donor position of intron 4 (reported in the source literature as IVS4+2delT). Hao et al. (2026) identified this allele in a Han Chinese male blood donor with a D-negative phenotype; a  functional splicing assay and serological analysis was conducted in a Chinese-language journal for c.634+2T>A. Not observed in gnomAD v4.,Clinical + Functional (serology and in-vitro assay),N/A,N/A,N/A (not in gnomAD),N/A,N/A,Not available,,,N/A,N/A,2026,"Hao et al. A novel RHD allele caused by the RHD IVS4+2delT mutation identified in a Chinese Han male donor with a D-negative phenotype. Transfusion. 2026. doi:10.1111/trf.70136. PMID 41795163 [also indexed in a Chinese-language journal record, doi:10.13303/j.cjbt.issn.1004-549x.2026.06.014, unverified]",https://pubmed.ncbi.nlm.nih.gov/41795163/,,
RHD,Rh (RHD),RHD,chr1,plus,004,c.1154-1G>C,D negative,,N/A,RHD-NC-082,N/A,Splice Site - Acceptor (canonical),SNV,chr1:25321888 G>C,N/A,G,C,N/A,"RHD c.1154-1G>C (IVS8-1G>C) substitutes the invariant G of the canonical AG acceptor dinucleotide at the 3' end of intron 8. Seo et al. 2016 (Vox Sang) reported one carrier with a D-negative phenotype. No in-vitro functional assay has been reported. Absent from dbSNP and gnomAD v4. In-silico tools agree on strong splice disruption (AlphaGenome splicing 2.22, SpliceAI 0.90). The reference base is given as N in RHeference (RHef00632); G was used for prediction.",Clinical / Serological,N/A,N/A,N/A (not in gnomAD),N/A,N/A,Not available,,,N/A,N/A,2016,Seo et al. Vox Sang 2016. doi:10.1111/vox.12450; RHeference RHef00632,https://onlinelibrary.wiley.com/doi/10.1111/vox.12450,,
RHD,Rh (RHD),RHD,chr1,plus,004,c.336-3C>T,unknown (2020),,N/A,RHD-NC-083,N/A,Near-Splice Intronic,SNV,chr1:25290638 C>T,rs1463153685,C,T,N/A,"RHD c.336-3C>T (IVS2-3C>T) lies at position -3 of the intron 2 splice acceptor. RHeference (RHef00704) records one sample from the French population (South-East or Corsica), backed by GenBank submission LS974833; the variant was reported clinically, but the phenotype is listed as unknown (2020). No in-vitro functional assay has been reported. Listed in dbSNP (rs1463153685); absent from gnomAD v4. In-silico tools predict essentially no effect (AlphaGenome RNA-seq 0.03, AlphaGenome splicing 0.03, SpliceAI 0.02).",Database only,N/A,N/A,N/A (not in gnomAD),N/A,N/A,Not available,,,N/A,N/A,,RHeference RHef00704; GenBank LS974833 (French case; no associated publication identified),https://www.rheference.org/allele/RHef00704,,
RHD,Rh (RHD),RHD,chr1,plus,004,c.148+2delT,D negative,,N/A,RHD-NC-086,N/A,Splice Site - Donor (canonical),Small Deletion (indel),chr1:25272697del,N/A,N/A,del,N/A,"RHD c.148+2delT (IVS1+2delT) deletes the T of the canonical GT donor dinucleotide of intron 1. RHeference (RHef00722) records one sample from donors pooled for RHD DNA analysis in the Swiss population, citing von Arx et al. 2019 (Vox Sang abstract, 'A novel RHD splice donor site mutation leading to a RhD-negative phenotype'). The primary abstract could not be found, and the available description of the Swiss case appears to refer to a c.148+1 substitution (148+1T) rather than this deletion, so the serological case cannot be confirmed for c.148+2delT. No in-vitro assay has been reported. Absent from dbSNP and gnomAD v4. In-silico tools predict a strong effect (AlphaGenome RNA-seq -3.35, AlphaGenome splicing 2.50, SpliceAI 0.99).",Database only,N/A,N/A,N/A (not in gnomAD),N/A,N/A,Not available,,,N/A,N/A,2019,"von Arx C et al. A novel RHD splice donor site mutation leading to a RhD-negative phenotype. Vox Sang 2019 (abstract; not located, and may describe c.148+1 rather than this variant); RHeference RHef00722",https://www.rheference.org/allele/RHef00722,,
RHD,Rh (RHD),RHD,chr1,plus,004,c.487-1G>A,DEL,,N/A,RHD-NC-087,N/A,Splice Site - Acceptor (canonical),SNV,chr1:25300945 G>A,rs1642338494,G,A,N/A,"RHD c.487-1G>A (IVS3-1G>A) substitutes the invariant G of the canonical AG acceptor dinucleotide of intron 3. de Paula Vendrame et al. 2019 (Vox Sang) identified one carrier among serologically D-negative Brazilian donors tested with a sensitive microplate technique; the allele is confirmed by a GenBank submission, and the predicted phenotype is DEL. No in-vitro functional assay has been reported. Listed in dbSNP (rs1642338494); absent from gnomAD v4. In-silico tools agree on strong splice disruption (AlphaGenome splicing 2.20, SpliceAI 0.99).",Clinical / Serological,N/A,N/A,N/A (not in gnomAD),N/A,N/A,Not available,,,N/A,N/A,2019,de Paula Vendrame TA et al. Characterization of RHD alleles present in serologically RHD-negative donors determined by a sensitive microplate technique. Vox Sang 2019. doi:10.1111/vox.12851; RHeference RHef00735,https://onlinelibrary.wiley.com/doi/10.1111/vox.12851,,
RHD,Rh (RHD),RHD,chr1,plus,004,c.940-3C>T,weak D,,N/A,RHD-NC-088,N/A,Near-Splice Intronic,SNV,chr1:25306593 C>T,rs1643858233,C,T,N/A,"RHD c.940-3C>T (IVS6-3C>T) lies at position -3 of the intron 6 splice acceptor. RHeference (RHef00769) records one sample from an African American individual in the USA, confirmed by a GenBank submission, with a weak D phenotype. The publication RHeference cites is a Wagner et al. 2019 abstract (Transfus Med Hemother) on German RhD-negative donor screening, which does not obviously match a US African American case; the primary report of this case has not been identified. No in-vitro functional assay has been reported. dbSNP rs1643858233; gnomAD v4 AF 7.26e-7. In-silico predictions are intermediate (AlphaGenome splicing 0.48, SpliceAI 0.34).",Clinical / Serological,N/A,N/A,7.259e-07,N/A,N/A,Not available,,,N/A,N/A,2019,RHeference RHef00769 (GenBank-confirmed US case); Wagner F. et al. Results of more than ten years testing of RhD negative first time donors by RHD PCR. Transfus Med Hemother 2019 (abstract cited by RHeference; relevance to this case unclear),http://rheference.org/allele/RHef00769,,https://gnomad.broadinstitute.org/variant/1-25306593-C-T?dataset=gnomad_r4
RHD,Rh (RHD),RHD,chr1,plus,004,c.1073+2T>A,D negative,,N/A,RHD-NC-090,N/A,Splice Site - Donor (canonical),SNV,chr1:25306731 T>A,rs1642391135,T,A,N/A,"RHD c.1073+2T>A (IVS7+2T>A) substitutes the invariant T of the canonical GT donor dinucleotide of intron 7. de Paula Vendrame et al. 2019 (Vox Sang) described one D-negative carrier in Brazil (São Paulo); RHeference reports it as 1 of 517 D-negative donors who were C and/or E positive and were screened for RHD, out of 67,428 random donors (8,042 D-negative). No in-vitro assay has been reported. dbSNP rs1642391135; absent from gnomAD v4. In-silico tools predict splice disruption (AlphaGenome splicing 1.14, SpliceAI 0.75).",Clinical / Serological,N/A,N/A,N/A (not in gnomAD),N/A,N/A,Not available,,,N/A,N/A,2019,de Paula Vendrame TA et al. Characterization of RHD alleles present in serologically RHD-negative donors determined by a sensitive microplate technique. Vox Sang 2019. doi:10.1111/vox.12851; RHeference RHef00736 / RHef00736,https://onlinelibrary.wiley.com/doi/10.1111/vox.12851,,
RHD,Rh (RHD),RHD,chr1,plus,004,c.801+1G>T,weak D,,N/A,RHD-NC-091,N/A,Splice Site - Donor (canonical),SNV,chr1:25301687 G>T,rs1399683971,G,T,N/A,"RHD c.801+1G>T (IVS5+1G>T) substitutes the invariant G of the canonical GT donor dinucleotide of intron 5. Villa et al. 2012 (Vox Sang abstract, 'A novel mutation of the RHD antigen') reported one Caucasian donor from Northern Italy; the serological case was confirmed in the curation review, and RHeference (RHef00778) lists the phenotype as weak D, which is unusually mild for a +1 canonical-site change. No in-vitro assay has been reported. dbSNP rs1399683971. In-silico tools agree on strong splice disruption (AlphaGenome splicing 1.64, SpliceAI 1.0).",Clinical / Serological,N/A,N/A,1.45e-06,N/A,N/A,Not available,,,N/A,N/A,2012,Villa MA et al. A novel mutation of the RHD antigen. Vox Sang 2012 (abstract); RHeference RHef00778,https://www.rheference.org/allele/RHef00778,,https://gnomad.broadinstitute.org/variant/1-25301687-G-T?dataset=gnomad_r4
